instance_id,oracle_max_iou,best_gt_id,precision_at_best_gt,recall_at_best_gt,num_points
1,0.9605464941817453,75,0.9608069060624461,0.9997179125528914,722959
2,0.9145422334324235,103,0.9157245941070354,0.9985901639344262,99780
3,0.9394054878048781,272,0.9587709062621548,0.9789515488482923,2571
4,0.0,1,0.0,0.0,122176
5,0.917408894426754,810,0.9193038706395573,0.9977581476276517,64873
6,0.0,1,0.0,0.0,110892
7,0.0,1,0.0,0.0,251603
8,0.930620292685814,242,0.9310404808254565,0.9995152786551764,270202
9,0.9019069547762427,670,0.9035072155192808,0.9980400483454741,33816
10,0.0,1,0.0,0.0,30572
11,0.0,1,0.0,0.0,27727
12,0.0,1,0.0,0.0,2014
13,0.8140114319214422,821,0.8140114319214422,1.0,20469
14,0.9435884870933802,478,0.9467405136510875,0.9964840182648402,69152
15,0.925697969261376,803,0.9260516296984047,0.9995876150242397,225103
16,0.9831353570904825,656,0.9832795541214432,0.9998508575689784,6818
17,0.8689718471238235,105,0.8753096863858844,0.9917363859183087,165490
18,0.9181323328489949,732,0.9211488250652742,0.9964459717089933,45960
19,0.8964100067303424,435,0.9039827865064695,0.9907413269182072,69248
20,0.9393232784282596,816,0.9546210860686735,0.9832260074781887,19833
21,0.9283256460941504,271,0.9341387947546781,0.9933411672542107,13574
22,0.9239534479763766,142,0.924049753318046,0.9998872138050303,28782
23,0.7453608247422681,380,0.7497407535430349,0.9922232387923148,2893
24,0.0005805257514393624,105,0.19230769230769232,0.000581944653640235,442
25,0.9624855638420733,771,0.9624855638420733,1.0,102174
26,0.0,1,0.0,0.0,469
27,0.9677987160902879,729,0.968801824212272,0.9989312813936091,9648
28,0.0,1,0.0,0.0,25817
29,0.9015478356881428,812,0.9292013951086899,0.96804434930567,94903
30,0.0,1,0.0,0.0,36828
31,0.0,1,0.0,0.0,139307
32,0.0,1,0.0,0.0,549
33,0.0,1,0.0,0.0,6210
34,0.9125741608430749,280,0.9137797135331183,0.9985563925562351,124901
35,0.9049168138302817,546,0.9074471059744618,0.9969281179602704,10729
36,0.8408352668213457,81,0.8521210933672969,0.9844927897131732,51035
37,0.0,1,0.0,0.0,39666
38,0.0,1,0.0,0.0,25350
39,0.0,1,0.0,0.0,21326
40,0.0,1,0.0,0.0,27648
41,0.0,1,0.0,0.0,71712
42,0.0,1,0.0,0.0,22123
43,0.8167443408788282,65,0.9248456862837487,0.8748050095823863,21223
44,0.6541745730550285,171,0.6561979538424935,0.9953085528690003,16812
45,0.5151000177022482,503,0.5151547340839884,0.9997938427707531,28242
46,0.5224339612279641,561,0.5227689038686987,0.9987751102400784,54592
47,0.9098837209302325,15,0.9811912225705329,0.9260355029585798,957
48,0.8640888096045695,310,0.8643095894312689,0.9997044688190381,238742
49,0.0,1,0.0,0.0,87588
50,0.9415588679493072,833,0.9415588679493072,1.0,15229
51,0.9837086727359846,383,0.9908301158301158,0.9927466150870407,2072
52,0.969553650605971,671,0.9701271813073056,0.9993906154783668,3381
53,0.9385385138056705,652,0.9433751396994908,0.9945669961379852,16106
54,0.9609537692628072,632,0.9618551328817092,0.9990257631521975,9595
55,0.0,1,0.0,0.0,3603
56,0.0,1,0.0,0.0,9536
57,0.5445035786382822,416,0.7489587277546383,0.6660680211022562,7923
58,0.7367141752292564,427,0.7417130144605116,0.9909347599940556,17980
59,0.9409226103691608,734,0.9426818580192813,0.9980205369293579,17115
60,0.9166242763365066,515,0.9171352399418323,0.9993925628565392,41260
61,0.0005609783462358353,577,0.01006036217303823,0.0005937537109606935,1988
62,0.9620102750498025,257,0.9629862860341449,0.9989475594266013,28584
63,0.8498121546961326,88,0.8504887866589994,0.9990646921278254,22607
64,0.8245901151545809,747,0.8382081606726959,0.9806780380777125,33061
65,0.6625220070422535,702,0.6654509283819628,0.9934004289721168,9048
66,0.0,1,0.0,0.0,7239
67,0.0,1,0.0,0.0,25225
68,0.0,1,0.0,0.0,104002
69,0.92713923673226,592,0.9275310084263378,0.999544632692694,80462
70,0.0,1,0.0,0.0,37096
71,0.7557742413917505,234,0.7596628430294167,0.9932725740174903,248193
72,0.0003324301269506749,747,0.00040388029902382893,0.0018755750583905443,131227
73,0.46184738955823296,83,0.7278481012658228,0.558252427184466,316
74,0.807131624803434,716,0.8090916837082481,0.9970075598488031,23472
75,0.0,1,0.0,0.0,45234
76,0.0,1,0.0,0.0,36797
77,0.18758663175727708,586,0.8529411764705882,0.19385643800732133,1428
78,0.8903094842474891,188,0.89274282243635,0.9969478382812572,121838
79,0.8630799501344267,232,0.8792351594097936,0.9791547151807065,196067
80,0.883994204127792,779,0.884150436534587,0.9998001478905609,113164
81,0.0,1,0.0,0.0,100447
82,0.8462116656644618,181,0.8494039535234646,0.99557835160948,33135
83,0.620589595861895,403,0.6591772010541832,0.9138027122422441,22387
84,0.8566000924166967,206,0.9004263586809865,0.9462341197822142,18529
85,0.8825345510385517,548,0.890726964239102,0.9896858629252996,61296
86,0.0,1,0.0,0.0,28778
87,0.8339973439575034,353,0.8362183754993342,0.9968253968253968,2253
88,0.6056955093099672,402,0.6060575869283651,0.9990146165215963,10037
89,0.8774753518159603,556,0.8835808230801867,0.9921867555979038,11785
90,0.907608695652174,576,0.9076801890508074,0.9999132245748004,12695
91,0.7686920194138969,491,0.7686920194138969,1.0,16277
92,0.9741506075381162,295,0.9823424970245644,0.9915122393115264,102506
93,0.7770825512034372,339,0.794481405663596,0.9725905816017542,23448
94,0.7680242119373696,706,0.7690870594096401,0.9982038616973506,72261
95,0.7761329305135952,4,0.777150347887466,0.9983160621761658,9917
96,0.0,1,0.0,0.0,97399
97,0.7533508359817604,785,0.7576431350750417,0.9925359548516294,7196
98,0.0,1,0.0,0.0,29529
99,0.9193682460515378,864,0.9197652289337748,0.99953075305445,62529
100,0.0,1,0.0,0.0,13270
101,0.0,1,0.0,0.0,9421
102,0.0,1,0.0,0.0,23930
103,0.883547506491777,389,0.8854340428371255,0.9975943467147798,14987
104,0.0,1,0.0,0.0,2162
105,0.0,1,0.0,0.0,24556
106,0.6644674835061263,682,0.831858407079646,0.7675557974959173,1695
107,0.8374793241008011,477,0.8409089058772765,0.9951537223844071,122829
108,0.8560146522608506,635,0.8730613014344227,0.9776993052623498,58351
109,0.011323641928079572,331,0.03213897937024973,0.017183327528155115,4605
110,0.0,1,0.0,0.0,13183
111,0.0,1,0.0,0.0,46284
112,0.0,1,0.0,0.0,32923
113,0.0,1,0.0,0.0,6404
114,0.0,1,0.0,0.0,10229
115,0.8477138533661692,842,0.8488094000207965,0.9984797651499266,134638
116,0.0,1,0.0,0.0,43646
117,0.8150330594516834,198,0.8175322242726125,0.9962632940500143,72073
118,0.525447538090264,240,0.5259590423997692,0.9981525829627096,55472
119,0.0,1,0.0,0.0,117738
120,0.0,1,0.0,0.0,35758
121,0.8832082061755184,330,0.886293505979343,0.9960740178501322,85879
122,0.0,1,0.0,0.0,59955
123,0.0,1,0.0,0.0,7459
124,0.0,1,0.0,0.0,11778
125,0.0,1,0.0,0.0,9464
126,0.0,1,0.0,0.0,32072
127,0.0,1,0.0,0.0,44572
128,0.5689359267734554,286,0.5744932255015229,0.9832816502629095,38084
129,0.6844533479026286,69,0.7519173057685895,0.8841057006194621,14995
130,0.0,1,0.0,0.0,17778
131,0.0,1,0.0,0.0,31302
132,0.0,1,0.0,0.0,81986
133,0.76037320791929,179,0.7627686126499057,0.9958868996761182,65708
134,0.0,1,0.0,0.0,4494
135,0.0,1,0.0,0.0,84325
136,0.0,1,0.0,0.0,4467
137,0.5283858047690015,85,0.5290633962088181,0.9975819924382309,42889
138,0.8717006725823772,216,0.8793044469783352,0.9901771956856703,17540
139,0.866747979874981,498,0.8981042654028436,0.9612783226242814,12660
140,0.7504518374723878,846,0.764473235594954,0.9761427949499347,14665
141,0.9002074339855357,618,0.9019266415772622,0.9978870175874712,17803
142,0.7903434544549527,451,0.7950130182255157,0.9926231557889472,9986
143,0.0,1,0.0,0.0,1799
144,0.005488949877220858,447,0.06070287539936102,0.005998421468034728,626
145,0.0,1,0.0,0.0,3644
146,0.8337669545911819,391,0.8375585872841635,0.9945997392977592,57393
147,0.891728291054323,839,0.8923408374184282,0.9992307961260096,64054
148,0.8965427315401236,532,0.8978472559041898,0.9983820112844342,26803
149,0.0,1,0.0,0.0,183322
150,0.0,1,0.0,0.0,23542
151,0.0,1,0.0,0.0,29373
152,0.5398354217318122,870,0.8505967290408133,0.5963842975206611,6787
153,0.0,1,0.0,0.0,271
154,0.0,1,0.0,0.0,4510
155,0.0,1,0.0,0.0,92201
156,0.9197459231661882,599,0.9333126743105051,0.9844413937373341,16135
157,0.014082728133880644,599,0.29303547963206306,0.014578021834346604,761
158,0.8937019349341943,802,0.899246491900916,0.9931481250778622,44326
159,0.9119874153468779,693,0.9130341937378214,0.9987444522307872,37463
160,0.8411373124224303,307,0.8475250676428457,0.9911191470126831,43981
161,0.7171482984184814,55,0.7200099758915953,0.9944884602135722,12029
162,0.002027437994188011,593,0.030181086519114688,0.002168726957276079,994
163,0.00025591155696591257,635,0.002299555419285605,0.00028787471692319505,6523
164,0.0,1,0.0,0.0,1803
165,0.0,1,0.0,0.0,12536
166,0.29541215964192463,140,0.8604954367666232,0.3102718796521194,4602
167,0.8248058567758473,721,0.8258981676267044,0.9983990706109033,170653
168,0.013628633153048249,20,0.5578551269990593,0.01377745423004244,3189
169,0.9460176153044796,623,0.9499762244412744,0.9956144722416027,10515
170,0.0,1,0.0,0.0,1685
171,0.8853364002300173,19,0.886049723756906,0.9990914990266061,8688
172,0.0064680353864129524,428,0.05355908776779544,0.007302709069493522,2894
173,0.0,1,0.0,0.0,36590
174,0.0,1,0.0,0.0,23679
175,0.35661424606845515,157,0.4503504672897196,0.6314496314496314,1712
176,0.0,1,0.0,0.0,27761
177,0.0,1,0.0,0.0,19810
178,0.014287971073002054,635,0.14333509420672655,0.01562200130503205,5679
179,0.0,1,0.0,0.0,83208
180,0.0,1,0.0,0.0,72408
181,0.0,1,0.0,0.0,9083
182,0.7399726809884515,231,0.8398872445384074,0.8615006505710568,7095
183,0.8382072321343383,526,0.8705378155423985,0.9575726197612949,40367
184,0.890930873367677,418,0.8919139341313056,0.9987644040935829,41689
185,0.8722162975973904,654,0.8734765674079659,0.9983485316292094,31836
186,0.0,1,0.0,0.0,21305
187,0.0,1,0.0,0.0,2414
188,0.745294293397072,343,0.8129379175492912,0.8995672556797693,55233
189,0.7514740327921816,47,0.7644889164810283,0.9778473252134107,109532
190,0.8278184348763077,876,0.8298116519273611,0.997106778790255,44439
191,0.0,1,0.0,0.0,61739
192,0.0,1,0.0,0.0,2580
193,0.002656230353325789,435,0.277504105090312,0.0026747277791846036,609
194,0.9374007868037821,873,0.948993851313583,0.9871356930009448,14312
195,0.0,1,0.0,0.0,237
196,0.0,1,0.0,0.0,17312
197,0.5883851248089659,50,0.5933727202671462,0.9859154929577465,3893
198,0.3926553672316384,604,0.7580095432856169,0.44893015744852643,1467
199,0.017477488744372185,14,0.29592376919004765,0.01823579304495335,1889
200,0.0,1,0.0,0.0,2177
201,0.0,1,0.0,0.0,31994
202,0.6736656438011936,611,0.6741380144107548,0.9989609458975278,41358
203,0.0,1,0.0,0.0,39087
204,0.0,1,0.0,0.0,36423
205,0.9024800053767055,856,0.9052177430227855,0.9966599866399466,14834
206,0.8243022653979376,739,0.8244992234478914,0.9997102848865282,25111
207,0.0,1,0.0,0.0,923
208,0.0,1,0.0,0.0,36874
209,0.0,1,0.0,0.0,14308
210,0.0,1,0.0,0.0,9046
211,0.0,1,0.0,0.0,1153
212,0.9462863017219224,719,0.9551232166018159,0.9903173749327595,3855
213,0.9008899676375405,350,0.908608731130151,0.9906583629893239,4902
214,0.8971934787463709,480,0.9005454681312113,0.9958684514956205,26766
215,0.915186520171972,337,0.9178171682418013,0.9968779564806055,22961
216,0.0005767919878349327,337,0.000913975516534648,0.0015610217596972564,36106
217,0.9690721649484536,110,0.975103734439834,0.9936575052854123,2892
218,0.6554222322843559,175,0.6633822181484876,0.98202170963365,4364
219,0.7912701696317749,95,0.9243595940067666,0.8460517584605176,4138
220,0.7686034658511722,223,0.771592304543594,0.9949854842966482,4886
221,0.8126133387064276,699,0.9335648148148148,0.8624893071000855,4320
222,0.0,1,0.0,0.0,5529
223,0.0,1,0.0,0.0,8827
224,0.0,1,0.0,0.0,6074
225,0.0,1,0.0,0.0,6273
226,0.9409241567557028,640,0.9431307406683603,0.9975196362133113,5117
227,0.9505045140732873,276,0.9554772581678411,0.9945543454100911,9366
228,0.8779408044523147,317,0.881173035419576,0.9958393113342898,7877
229,0.8313453892522765,768,0.842529407941769,0.9842836534811328,15387
230,0.4961694883193039,525,0.5040353574173713,0.9695065607096655,20816
231,0.6269963936115405,845,0.6345151199165797,0.9814516129032258,5754
232,0.8858256351039261,562,0.931683619250038,0.947360296387774,6587
233,0.8475885957900346,159,0.8539597315436241,0.9912745403552509,18625
234,0.8436485609175504,715,0.9298747763864043,0.9009706494106772,8385
235,0.9445184938353882,705,0.9451483827942647,0.9992949056936365,5998
236,0.8856812933025404,854,0.9050147492625369,0.9764481222151495,3390
237,0.8076436700857103,531,0.8387567488691084,0.9560878243512974,20559
238,0.6639662383661781,442,0.6941500886350207,0.9385352862849534,50770
239,0.7682169328739952,387,0.7731200588343445,0.9918121167194555,76146
240,0.25966020147346264,36,0.624141669678352,0.3077882730351096,2767
241,0.0,1,0.0,0.0,115683
242,0.0,1,0.0,0.0,102050
243,0.6063839200129773,208,0.6064733558502087,0.999756865510157,135602
244,0.0031777695305251438,14,0.010877332274712187,0.004469237293664775,12595
245,0.0,1,0.0,0.0,95582
246,0.0,1,0.0,0.0,1227
247,0.0,1,0.0,0.0,5270
248,0.1933481578652674,506,0.19349983989753441,0.995962093119077,124920
249,0.8379969803724208,860,0.8807722824649563,0.9452202543142597,18905
250,0.4539365805214901,176,0.46080086275613075,0.9682266009852217,42654
251,0.0,1,0.0,0.0,7484
252,0.0,1,0.0,0.0,2761
253,0.0,1,0.0,0.0,707
254,0.8930311775559445,304,0.8938346434321432,0.9989944429743318,21118
255,0.8029231317660744,874,0.8031190181285891,0.9996963184451504,53286
256,0.9374553841085058,207,0.9424754333664569,0.9943502824858758,36228
257,0.0,1,0.0,0.0,1612
258,0.0,1,0.0,0.0,26735
259,0.0,1,0.0,0.0,8521
260,0.18758797184900833,56,0.6527159394479074,0.2083866382373845,2246
261,0.675923392612859,499,0.6788953009068426,0.9935652523627589,7278
262,0.3216041108132261,622,0.32704759740997386,0.9507926023778072,8803
263,0.8718290598290598,766,0.8987294930307141,0.9668075749246489,56749
264,0.894282334384858,237,0.8955536250197441,0.998415144177856,25324
265,0.5921127678644178,690,0.592281674069848,0.9995186025720377,24539
266,0.952117460143538,236,0.9563614351749945,0.9953608247422681,18172
267,0.9339374451914645,673,0.9537313432835821,0.9782608695652174,3350
268,0.0,1,0.0,0.0,5712
269,0.0,1,0.0,0.0,2113
270,0.19612879552334647,14,0.7578872740163063,0.20923859855157564,8463
271,0.3999653259361997,265,0.4358586812771585,0.8292595255212077,5293
272,0.8649298286423199,450,0.8651981695493679,0.999641544941303,12893
273,0.5089485237407796,819,0.511670444152849,0.9896558354162661,50298
274,0.4871498700548657,394,0.48757225433526014,0.9982248520710059,20760
275,0.8239833039748794,694,0.8465124513159448,0.9687113111986494,50838
276,0.0,1,0.0,0.0,4550
277,0.0,1,0.0,0.0,681
278,0.6595514209251944,617,0.6697942280315776,0.9773392503068643,15454
279,0.8274055595153244,793,0.9002326483132997,0.9109349864636874,25790
280,0.7865210009596221,213,0.83454082631682,0.9318291136472955,25535
281,0.7107061503416856,602,0.8816326530612245,0.7856743144935646,3185
282,0.8954637976155859,284,0.9069356501251656,0.9860710854947167,6791
283,0.5360040567951319,541,0.545759648896347,0.9677271686884871,7747
284,0.7918356312516897,100,0.8621044885945548,0.9066707939947377,13590
285,0.0,1,0.0,0.0,1837
286,0.0,1,0.0,0.0,52857
287,0.7065033090849423,150,0.7101935341983725,0.9926990470335075,18188
288,0.7626535626535627,289,0.7696503843292835,0.988220312002547,4033
289,0.937932384806161,290,0.9707511483382869,0.9652092148566056,14804
290,0.0,1,0.0,0.0,64267
291,0.0,1,0.0,0.0,24912
292,0.5585059077626731,351,0.8848631239935588,0.6022742841485135,9936
293,0.755297684863269,530,0.7558318599212913,0.9990651669129399,87665
294,0.022278364722094626,841,0.4349775784753363,0.02294228949858089,223
295,0.6112469437652812,509,0.9256142712891282,0.6428237494156148,2971
296,0.5619778965391999,840,0.5634200898198402,0.9954658251891793,57671
297,0.7662315355547922,568,0.8014732303269853,0.9457282170871316,16698
298,0.8968781344032096,818,0.900207638583024,0.9958930808854239,15893
299,0.0,1,0.0,0.0,16267
300,0.0,1,0.0,0.0,13920
301,0.6262626262626263,202,0.6296098343132015,0.9915824915824916,1871
302,0.8299506828528073,777,0.8638696939782823,0.9548281505728314,10130
303,0.7844105326152004,82,0.785174092100337,0.9987617868368416,13355
304,0.086785810993772,311,0.7807551766138855,0.08895364973633084,821
305,0.0,1,0.0,0.0,10146
306,0.0,1,0.0,0.0,2453
307,0.789396887159533,691,0.8849509269356598,0.8796747967479674,1834
308,0.8290388548057259,51,0.8391289948666998,0.9857031705893795,12078
309,0.820732251823188,436,0.8217106243480853,0.9985513807152557,13422
310,0.9636496706513784,58,0.967425912319373,0.9959657085224407,4083
311,0.7932967932967933,751,0.7938969800138705,0.999047921294827,15861
312,0.9346503150871123,336,0.9395990869990528,0.9943964242284813,64403
313,0.4152892561983471,647,0.9363354037267081,0.42735648476257976,3864
314,0.00048431415185719653,591,0.0008283883619888083,0.0011646700893706027,59151
315,0.031146130684706525,377,0.41067285382830626,0.032603356528857964,3879
316,0.0010046464900163256,213,0.022988505747126436,0.0010494555949101404,1044
317,0.7640234574196838,591,0.7657108438133133,0.9971239779425747,54787
318,0.0,1,0.0,0.0,23824
319,0.0,1,0.0,0.0,4174
320,0.0,1,0.0,0.0,37505
321,0.0,1,0.0,0.0,19344
322,0.38748074499369833,209,0.4162467092892065,0.8486428461892348,13295
323,0.8579894940061958,89,0.8766859344894027,0.9757467449578759,21798
324,0.9435044872737972,737,0.9479674796747968,0.9950349107835531,6765
325,0.8315468911109513,429,0.8632595653580941,0.9576912455122895,40171
326,0.5072555738883953,147,0.5075132275132275,0.9990001666388936,23625
327,0.5219439338235294,496,0.6465063327166642,0.7303858520900322,7027
328,0.0,1,0.0,0.0,6967
329,0.7918575063613231,408,0.8272195640616693,0.948780487804878,1881
330,0.0,1,0.0,0.0,2529
331,0.0,1,0.0,0.0,169
332,0.0,1,0.0,0.0,26877
333,0.0,1,0.0,0.0,3195
334,0.0,1,0.0,0.0,11985
335,0.0,1,0.0,0.0,7267
336,0.0,1,0.0,0.0,6457
337,0.0,1,0.0,0.0,7752
338,0.0,1,0.0,0.0,7228
339,0.0,1,0.0,0.0,1259
340,0.8233772233772234,430,0.8235864969153631,0.999691487869864,43279
341,0.7161252560725783,733,0.7581719597211464,0.9281244073582401,6455
342,0.031759510869565216,733,0.23316708229426433,0.03546368291295278,802
343,0.3534031981600816,131,0.39034677786565053,0.7887651331719129,41727
344,0.21814861637870486,315,0.28323910268101404,0.4869865161492631,10966
345,0.0,1,0.0,0.0,876
346,0.32831325301204817,813,0.8696808510638298,0.3453009503695882,1128
347,0.7011965811965812,22,0.7206605762473647,0.9629107981220657,8538
348,0.0,1,0.0,0.0,17707
349,0.0,1,0.0,0.0,7646
350,0.0,1,0.0,0.0,6774
351,0.9221524469467302,757,0.9467541129390841,0.9725933538883179,8996
352,0.863580931263858,713,0.8755690440060698,0.9843927713888538,17793
353,0.0,1,0.0,0.0,8341
354,0.0,1,0.0,0.0,19149
355,0.0,1,0.0,0.0,85307
356,0.0,1,0.0,0.0,58389
357,0.21966186599874765,127,0.8173345759552656,0.23100223890425392,2146
358,0.0,1,0.0,0.0,26870
359,0.0,1,0.0,0.0,11872
360,0.0,1,0.0,0.0,5181
361,0.0,1,0.0,0.0,21060
362,0.7119922001949951,542,0.7198054934945459,0.9849833648053232,15218
363,0.006357031655422937,505,0.006369426751592357,0.765625,100009
364,0.0,1,0.0,0.0,53378
365,0.0,1,0.0,0.0,73890
366,0.0,1,0.0,0.0,20798
367,0.0,1,0.0,0.0,36322
368,0.0,1,0.0,0.0,4152
369,0.0,1,0.0,0.0,3573
370,0.0,1,0.0,0.0,8791
371,0.0,1,0.0,0.0,50233
372,0.0,1,0.0,0.0,29125
373,0.4337999229485039,204,0.447713717693837,0.9331491712707183,7545
374,0.6661355992211011,782,0.6706469435038318,0.9900026308866088,5611
375,0.897214922261536,220,0.9009449956509561,0.9954067172687885,67831
376,0.0,1,0.0,0.0,103147
377,0.0,1,0.0,0.0,2058
378,0.0,1,0.0,0.0,53807
379,0.0,1,0.0,0.0,11941
380,0.0,1,0.0,0.0,10996
381,0.0,1,0.0,0.0,21389
382,0.0,1,0.0,0.0,7211
383,0.0,1,0.0,0.0,16573
384,0.11809832522960562,686,0.5323916220165611,0.13176612417118747,4106
385,0.7187966716449755,686,0.8619675067161315,0.8122965641952984,15634
386,0.8913525498891353,346,0.891872956562354,0.999345806620437,17128
387,0.0,1,0.0,0.0,40955
388,0.0,1,0.0,0.0,77691
389,0.0,1,0.0,0.0,29147
390,0.0,1,0.0,0.0,30593
391,0.0,1,0.0,0.0,24407
392,0.7060121345835632,273,0.7207207207207207,0.9719058466211086,1776
393,0.00018062340879377968,234,0.0009824561403508772,0.0002212622484458961,42750
394,0.0,1,0.0,0.0,48927
395,0.0,1,0.0,0.0,15688
396,0.0,1,0.0,0.0,11920
397,0.0,1,0.0,0.0,7761
398,0.0,1,0.0,0.0,31405
399,0.0,1,0.0,0.0,26612
400,0.0,1,0.0,0.0,11156
401,0.00011031236785497601,635,0.0026189436927106066,0.00011514988676927801,2291
402,0.0,1,0.0,0.0,4558
403,0.0,1,0.0,0.0,29167
404,0.0,1,0.0,0.0,46500
405,0.0,1,0.0,0.0,31412
406,0.8847296494355318,197,0.9171856820203956,0.9615412212097295,14611
407,0.0,1,0.0,0.0,77377
408,0.0,1,0.0,0.0,7712
409,0.8440592012788358,589,0.8452939552856749,0.9982723775995828,36230
410,0.919290817676634,725,0.9217706628930261,0.9970820377900024,22613
411,0.9433063674321504,37,0.9455889085082728,0.9974475717439294,15291
412,0.6100138002415042,492,0.6226066288128879,0.9679074859723553,22719
413,0.9550146056475171,219,0.9655443985036425,0.9887096774193549,5079
414,0.9275093920313244,736,0.9474110906928981,0.9778533973000112,18502
415,0.013068635275339186,736,0.1098993288590604,0.01461564208412362,2384
416,0.884477907065176,829,0.884679750494447,0.9997421129545259,13146
417,0.831037158375722,26,0.8401345721407778,0.9871374733737506,57367
418,0.9123391575240417,282,0.91561319087622,0.9960959451066221,36783
419,0.0,1,0.0,0.0,1736
420,0.0,1,0.0,0.0,32483
421,0.0,1,0.0,0.0,12247
422,0.0,1,0.0,0.0,16489
423,0.0,1,0.0,0.0,8195
424,0.0,1,0.0,0.0,8724
425,0.0,1,0.0,0.0,5800
426,0.0021699105733824302,635,0.0050330452465683784,0.003799946263386174,39340
427,0.004448445691892178,447,0.006649778340721976,0.013259668508287293,12632
428,0.0,1,0.0,0.0,2840
429,0.0,1,0.0,0.0,5102
430,0.0,1,0.0,0.0,16702
431,0.0,1,0.0,0.0,37958
432,0.5678292751715709,268,0.5703493862134089,0.9922786265812387,10590
433,0.868874950999608,354,0.8722943722943723,0.9955086458567258,5082
434,0.8591611696367037,139,0.8771012890418876,0.9767467890421692,39797
435,0.8655347960452919,180,0.8657901487942534,0.9996593601895735,77960
436,0.9006447831184057,384,0.9103915793876235,0.988252430857705,57383
437,0.9229080430855078,504,0.9246419979379081,0.9979722043622336,43645
438,0.9195476924741655,753,0.9309815950920245,0.9868199500667711,54768
439,0.8332739942017191,30,0.8443104514533086,0.9845552884615385,19404
440,0.0,1,0.0,0.0,25450
441,0.0,1,0.0,0.0,13633
442,0.0,1,0.0,0.0,83012
443,0.5666545322169639,463,0.7527807331463391,0.6962161195097951,10339
444,0.1410044500953592,127,0.8030412744388125,0.14605557750559725,1381
445,0.8840624044050168,585,0.8847390172968008,0.9991356957649092,6533
446,0.5162131549139952,759,0.5228934308127435,0.9758490190220097,37478
447,0.0,1,0.0,0.0,77399
448,0.0,1,0.0,0.0,7259
449,0.041154314833277944,277,0.9399114484503479,0.041262877294310385,1581
450,0.0,1,0.0,0.0,1432
451,0.008128941836019622,483,0.25162689804772237,0.008330341113105925,461
452,0.0,1,0.0,0.0,12671
453,0.44322379013164126,558,0.4543248228327347,0.9477521263669502,10301
454,0.9414209051621788,861,0.9425847558366222,0.9986901433285473,42062
455,0.0,1,0.0,0.0,139358
456,0.8146159431302028,3,0.8184995419225679,0.9942091705306543,117884
457,0.8459158326646904,302,0.8491511526960548,0.9955161261139006,207340
458,0.0,1,0.0,0.0,17057
459,0.0,1,0.0,0.0,11341
460,0.0,1,0.0,0.0,774
461,0.8721215615219898,858,0.8845794002171915,0.9841082497699878,119710
462,0.0,1,0.0,0.0,17579
463,0.0,1,0.0,0.0,2907
464,0.0,1,0.0,0.0,17078
465,0.0,1,0.0,0.0,1779
466,0.0,1,0.0,0.0,63635
467,0.0,1,0.0,0.0,11171
468,0.8645230727835329,16,0.8744046809089672,0.9870967741935484,7349
469,0.0,1,0.0,0.0,3185
470,0.0,1,0.0,0.0,1309
471,0.9129588431590656,386,0.920381272778245,0.991243961352657,3567
472,0.7519038997614736,769,0.8346305984432819,0.8835308817073583,31348
473,0.6558054552573194,153,0.6847603906427436,0.9394279304542905,22015
474,0.0,1,0.0,0.0,76179
475,0.8432434964554512,644,0.8469863078153672,0.9947868695427918,63759
476,0.00023740885195862302,722,0.0003452698036894545,0.0007593838142764157,20274
477,0.0,1,0.0,0.0,23692
478,0.0,1,0.0,0.0,60390
479,0.8704163517938752,369,0.8740018066847335,0.9953090280635338,27675
480,0.9053337136337707,471,0.9102928102325848,0.994018539396217,34869
481,0.0,1,0.0,0.0,40229
482,0.8073186528497409,717,0.8163064833005894,0.9865453106450336,24432
483,0.0,1,0.0,0.0,1646
484,0.0,1,0.0,0.0,12394
485,0.9296875,828,0.9325496781416177,0.996709542327251,3573
486,0.9164030727519205,151,0.9207021791767555,0.9949304987735078,6608
487,0.9316186393585775,784,0.9345714012677986,0.99662007235423,62786
488,0.9263858426869651,552,0.9312718862133068,0.994368342700195,92524
489,0.0,1,0.0,0.0,34881
490,0.0,1,0.0,0.0,4458
491,0.0,1,0.0,0.0,1732
492,0.0,1,0.0,0.0,10964
493,0.0,1,0.0,0.0,1772
494,0.0,1,0.0,0.0,18730
495,0.0,1,0.0,0.0,14262
496,0.870213363743038,770,0.8971392547409314,0.9666605470901414,58691
497,0.7829115393545392,578,0.8158722477619162,0.9509306260575296,16532
498,0.8733991182028134,172,0.8777297183247178,0.9943826939165771,9479
499,0.908602305061363,283,0.9100670754526874,0.9982317092424768,34737
500,0.0,1,0.0,0.0,8272
501,0.0,1,0.0,0.0,5435
502,0.0,1,0.0,0.0,17327
503,0.0,1,0.0,0.0,3450
504,0.0,1,0.0,0.0,9669
505,0.0,1,0.0,0.0,40714
506,0.0,1,0.0,0.0,14095
507,0.0,1,0.0,0.0,4117
508,0.49355019629837354,501,0.6666666666666666,0.6552494415487714,1320
509,0.0362874251497006,700,0.8440111420612814,0.03653243308415722,359
510,0.8928407676688281,711,0.8943638868840628,0.9980962143955481,15241
511,0.0,1,0.0,0.0,8223
512,0.0,1,0.0,0.0,78750
513,0.0,1,0.0,0.0,3130
514,0.0,1,0.0,0.0,93679
515,0.0,1,0.0,0.0,2422
516,0.7956411404687267,666,0.800660958389665,0.9921816827997022,6657
517,0.0194765278721408,653,0.05036813922356091,0.03077866966613835,11952
518,0.8658238361094449,653,0.8987499401312323,0.9594048775499769,20879
519,0.0,1,0.0,0.0,46796
520,0.5432380353140116,453,0.5485446531390223,0.9825035561877667,25183
521,0.0,1,0.0,0.0,902
522,0.0,1,0.0,0.0,25965
523,0.001443145060960438,722,0.0017007467646713845,0.009438055977435453,51154
524,0.8213925327951564,365,0.8258369969563747,0.9934906427990235,2957
525,0.0,1,0.0,0.0,7911
526,0.8319514076359429,438,0.8323526574708209,0.9994208941394487,10367
527,0.5536842105263158,300,0.6564059900166389,0.7796442687747036,1202
528,0.6756429244647907,374,0.9471498678746697,0.7021127745907374,5298
529,0.7326455152671756,288,0.8490566037735849,0.8423614920460779,14469
530,0.8961298377028714,855,0.9001490093093935,0.9950421579659801,67781
531,0.0024054680395435477,855,0.023345195729537367,0.0026746253078265407,7025
532,0.0,1,0.0,0.0,60332
533,0.017187151737289186,372,0.24838940586972083,0.018130045194493065,2794
534,0.6554501006614898,398,0.6809896611486285,0.9458786419855566,16733
535,0.0025290844714213456,774,0.0027086813236422737,0.03674219228413962,22151
536,0.9163077231293199,262,0.9170885758684646,0.9990716470074268,19949
537,5.758046870501526e-05,262,0.00012177301509985388,0.00010921799912625601,16424
538,0.0,1,0.0,0.0,4228
539,0.0,1,0.0,0.0,3697
540,0.8857338351009237,822,0.8881646655231561,0.9969195225259915,5830
541,0.0,1,0.0,0.0,46669
542,0.0,1,0.0,0.0,8016
543,0.0,1,0.0,0.0,11261
544,0.0,1,0.0,0.0,10245
545,0.0,1,0.0,0.0,29754
546,0.0,1,0.0,0.0,17299
547,0.8300038397276907,217,0.8336547181021274,0.9947513743439218,95939
548,0.8562893824111569,173,0.8585499963586046,0.9969344608879492,54924
549,0.8339070567986231,494,0.8524569561392484,0.9745689655172414,7957
550,0.8978102189781022,25,0.9195250659630607,0.9743709226467847,20466
551,0.7490396927016645,72,0.7610251073240536,0.9794073329984933,7687
552,0.9360913776291963,446,0.9364827201783723,0.9995537839124227,35880
553,0.8413161182840483,32,0.8418420504271723,0.9992579767499382,14397
554,0.9392574712229568,335,0.943848089350687,0.9948484096849898,55243
555,0.8477096169300831,186,0.8486758297016427,0.9986587771203156,14915
556,0.0,1,0.0,0.0,23224
557,0.843824902232875,132,0.845852301466869,0.9971675611210495,15816
558,0.6873959401832974,630,0.6902701661832265,0.9939789527427014,327169
559,0.9144025210799761,211,0.9178029493481513,0.995964562363746,23395
560,0.0019829274780547965,356,0.003045383644061502,0.005651664484113309,53852
561,0.0,1,0.0,0.0,2674
562,0.00016521974225720208,638,0.0037212449255751017,0.00017286628007480396,8868
563,0.0,1,0.0,0.0,8913
564,0.0,1,0.0,0.0,144258
565,0.9152597402597402,564,0.9242622950819672,0.9894699894699894,6100
566,0.0,1,0.0,0.0,145977
567,0.0,1,0.0,0.0,8748
568,0.0,1,0.0,0.0,28784
569,0.0,1,0.0,0.0,174680
570,0.0,1,0.0,0.0,15077
571,0.0,1,0.0,0.0,7326
572,0.7657259435566134,13,0.8208492801166394,0.9193713002653603,5487
573,0.7791563275434243,445,0.7912641747165057,0.980739198334201,2381
574,0.5754016157489089,868,0.589974293059126,0.9588394584139265,21006
575,0.8842487863152276,66,0.8848110280278753,0.9992818980869765,39318
576,0.8991563919532771,340,0.9008712236140609,0.9978874591895526,23071
577,0.0,1,0.0,0.0,38833
578,0.0,1,0.0,0.0,3662
579,0.0,1,0.0,0.0,36196
580,0.0,1,0.0,0.0,1335
581,0.0,1,0.0,0.0,604
582,0.0,1,0.0,0.0,11443
583,0.0,1,0.0,0.0,595
584,0.0,1,0.0,0.0,21449
585,0.0,1,0.0,0.0,16696
586,0.0,1,0.0,0.0,15496
587,0.0,1,0.0,0.0,2426
588,0.0,1,0.0,0.0,888
589,0.0,1,0.0,0.0,3079
590,0.0,1,0.0,0.0,48770
591,0.47968729698124646,249,0.48420661464139725,0.980914002302719,45747
592,0.0009354934728069056,249,0.022988505747126436,0.0009742272606500752,957
593,0.8166989217583633,328,0.8173768677365799,0.9989854582346973,7228
594,0.844571695687741,790,0.845016077170418,0.9993777224642191,17105
595,0.6518282988871225,571,0.8871715610510046,0.7107478949975236,3235
596,0.8305936073059361,270,0.8420646555049764,0.9838636978274587,12961
597,0.0,1,0.0,0.0,90902
598,0.0,1,0.0,0.0,12749
599,0.0,1,0.0,0.0,11743
600,0.0,1,0.0,0.0,33434
601,0.0,1,0.0,0.0,89062
602,0.0,1,0.0,0.0,1679
603,0.0,1,0.0,0.0,17900
604,0.6027397260273972,62,0.8655737704918033,0.6649874055415617,305
605,0.8134652121904626,775,0.8144103242412326,0.9985754361357061,55946
606,0.7104032729398013,636,0.7584234608985025,0.9181669394435352,9616
607,0.7573312844154181,570,0.7578165043567401,0.9991552627132961,23412
608,0.8739041223652304,510,0.8785473184148018,0.993988684582744,15998
609,0.027992789735977096,832,0.29171270718232045,0.030034129692832763,905
610,0.07776,502,0.13458875657712546,0.15552,3611
611,0.5374413535778936,750,0.5478028391761117,0.9660026560424967,26557
612,0.0,1,0.0,0.0,8148
613,0.0,1,0.0,0.0,39152
614,0.0,1,0.0,0.0,6846
615,0.0,1,0.0,0.0,7814
616,0.0,1,0.0,0.0,1122
617,0.0,1,0.0,0.0,13907
618,0.0,1,0.0,0.0,1923
619,0.002029132545836655,770,0.13365155131264916,0.0020561777125022948,838
620,0.0,1,0.0,0.0,5842
621,0.0,1,0.0,0.0,669
622,0.0,1,0.0,0.0,3598
623,0.0,1,0.0,0.0,18688
624,0.0,1,0.0,0.0,856
625,0.9135970682202593,177,0.9154034460032012,0.9978447169908143,21242
626,0.9048467337229259,579,0.9064220582794716,0.9980829599098991,45951
627,0.742540494458653,71,0.9298932384341637,0.7865743527995184,2810
628,0.6785946649316851,31,0.7071186440677966,0.9438914027149321,1475
629,0.01359795810596726,851,0.2601010101010101,0.014145113298237583,1188
630,0.005670950639240294,851,0.0208,0.007736324101625086,8125
631,0.0,1,0.0,0.0,5606
632,0.0,1,0.0,0.0,13118
633,0.0,1,0.0,0.0,271
634,0.0,1,0.0,0.0,12043
635,0.0,1,0.0,0.0,13188
636,0.0,1,0.0,0.0,1550
637,0.0,1,0.0,0.0,5056
638,0.0,1,0.0,0.0,1458
639,0.0,1,0.0,0.0,2506
640,0.0,1,0.0,0.0,34160
641,0.0,1,0.0,0.0,1282
642,0.0,1,0.0,0.0,12824
643,0.8415498763396537,495,0.8438223299900804,0.9968101035088861,18146
644,0.7002745487470062,762,0.7026139960145352,0.9952677459526774,17062
645,0.8588942863752024,378,0.8594907407407407,0.9991926803013994,12960
646,0.440400051508778,255,0.4408920974603584,0.9974722924363212,93084
647,0.9226440307918164,772,0.9232174469848206,0.9993272719859746,53098
648,0.9007066606525335,344,0.9012622425491582,0.9993160625218943,66469
649,0.5265017667844523,601,0.7883597883597884,0.6131687242798354,378
650,0.9025707898658718,866,0.907133495600075,0.9944581280788177,5341
651,0.7436845176889086,356,0.7934766493699036,0.9221862292370253,33725
652,0.7173302268210786,851,0.7403897160236235,0.9583886472877089,28277
653,0.636319697702008,567,0.668173848851158,0.9303012783452175,21674
654,0.512654794197429,303,0.516566050292342,0.9854454772160508,42074
655,0.0,1,0.0,0.0,5322
656,0.7607575757575757,586,0.9406144623454478,0.7991405379595734,5338
657,0.8607889424886244,84,0.8888260854205674,0.9646499501571966,28307
658,0.6151926808982534,362,0.8342105263157895,0.700884396715098,2660
659,0.8537065540322869,448,0.8548080713952905,0.9984928409947249,27901
660,0.0008686725104635552,323,0.0011332028433089522,0.003707448601280755,9707
661,0.8611471321695761,238,0.861462213943587,0.9995754534928599,30064
662,0.9052239894936525,6,0.90993766043271,0.9943099855746114,13635
663,0.0,1,0.0,0.0,4832
664,0.0,1,0.0,0.0,61416
665,0.7990173714686787,760,0.8325897754699042,0.9519588577162688,27346
666,0.0,1,0.0,0.0,9668
667,0.0,1,0.0,0.0,3848
668,0.0,1,0.0,0.0,30006
669,0.0,1,0.0,0.0,153808
670,0.0,1,0.0,0.0,1752
671,0.0,1,0.0,0.0,21911
672,0.8397402141477971,514,0.8461266360099045,0.9910917754298736,16962
673,0.9623159636062862,112,0.9702448462205617,0.9915794497664746,29978
674,0.9336687162288057,625,0.9371259724715739,0.9960642442553869,26736
675,0.9293920227184717,723,0.9299922500645827,0.9993060374739764,23226
676,0.00012901561088891756,309,0.008027522935779817,0.0001311057836379982,872
677,0.6933333333333334,191,0.7445493003579564,0.9097415506958251,3073
678,0.8028855661900316,638,0.8680835616642715,0.9144573832235895,201097
679,0.827256541260257,547,0.8272885620282563,0.999953214185459,25835
680,0.6696405811878664,281,0.6710089399744572,0.9969639468690702,3915
681,0.0,1,0.0,0.0,24446
682,0.0,1,0.0,0.0,3712
683,0.0,1,0.0,0.0,10426
684,0.0,1,0.0,0.0,4416
685,0.0,1,0.0,0.0,2391
686,0.0,1,0.0,0.0,9883
687,0.0,1,0.0,0.0,14457
688,0.9704457247547188,538,0.9837255333186716,0.9862802263762648,40923
689,0.0,1,0.0,0.0,7718
690,0.0,1,0.0,0.0,58202
691,0.5986004470794052,826,0.6031139835487661,0.9876523412443874,10212
692,0.5146389069616135,709,0.6605427974947808,0.6996904024767802,2395
693,0.8434965942264029,728,0.8455535685254431,0.9971242331288344,6151
694,0.0,1,0.0,0.0,1133
695,0.3854871447902571,633,0.38977253292286645,0.9722696245733788,5847
696,0.726003748643583,377,0.7868458097970384,0.90374539500614,56119
697,0.0,1,0.0,0.0,69627
698,0.0,1,0.0,0.0,4407
699,0.7534189995410739,235,0.7537649219467402,0.999391246119194,21780
700,0.914468825825509,73,0.9158698293623541,0.9983300221703953,37858
701,0.0,1,0.0,0.0,33179
702,0.0,1,0.0,0.0,10317
703,0.0,1,0.0,0.0,4238
704,0.0,1,0.0,0.0,1514
705,0.0,1,0.0,0.0,6408
706,0.0,1,0.0,0.0,111590
707,0.0,1,0.0,0.0,329
708,0.9176041831722389,24,0.9202288256793263,0.9969013599586848,25172
709,0.8814859227060381,421,0.8879410136393376,0.991820328311221,39738
710,0.6480392538650259,187,0.7594815389530373,0.8153755696016464,21911
711,0.8037721938932235,130,0.8851527350224958,0.897355876401797,29561
712,0.9546291984694187,358,0.9591732948188532,0.9950618326087874,49159
713,0.6377589134125636,489,0.6821879994188581,0.9073429951690821,13766
714,0.005515233073749697,615,0.00909884990537196,0.013809865768104734,27476
715,0.0,1,0.0,0.0,117733
716,0.0,1,0.0,0.0,18931
717,0.0,1,0.0,0.0,9623
718,0.0,1,0.0,0.0,3813
719,0.566642564473367,559,0.6961800414569144,0.7528017931476145,3377
720,0.8430757159670459,243,0.854813046937152,0.9839743589743589,2514
721,0.8780359028511088,776,0.8869333333333334,0.9887039239001189,1875
722,0.8623394906844991,126,0.8817096953937593,0.975156954127027,86144
723,0.7652524758527938,406,0.7692969518190758,0.9931767692795938,8136
724,0.9098301466202003,798,0.9108596573943109,0.9987592624504567,31815
725,0.00012185545235451813,98,0.0001716198049254884,0.0004200602086299036,104883
726,0.0,1,0.0,0.0,28570
727,0.0002547956175153787,186,0.0003310866737613811,0.0011045364891518737,42285
728,0.0,1,0.0,0.0,4636
729,0.0,1,0.0,0.0,7645
730,0.0,1,0.0,0.0,7791
731,0.0,1,0.0,0.0,3503
732,0.7080372289211866,688,0.7081671023065989,0.9997410500420794,21807
733,0.9226995369944501,298,0.9275630355711731,0.9943495357367081,32442
734,0.8749116857425463,512,0.8761497099193434,0.9983875519006732,28268
735,0.7668743899692169,661,0.7685477802859293,0.9971687982036512,13290
736,0.9087265104990255,642,0.9099646486964207,0.9985049296912882,27156
737,0.6849358300021039,318,0.7257830788094972,0.9240703945500993,71768
738,0.003032053133121571,866,0.010120481927710843,0.004310344827586207,2075
739,0.7822966507177034,848,0.884231874260605,0.8715642178910544,5917
740,0.0,1,0.0,0.0,17767
741,0.0,1,0.0,0.0,459
742,0.0,1,0.0,0.0,45907
743,0.0,1,0.0,0.0,7142
744,0.6920952709699689,101,0.9292086664349438,0.7306185660927393,8631
745,0.85104,29,0.9297325642370216,0.9095417236662107,5721
746,0.7914407988587732,765,0.8543270711425932,0.9149076517150396,3247
747,0.0,1,0.0,0.0,11479
748,0.0,1,0.0,0.0,86994
749,0.00016540545010958112,718,0.0002571520411443266,0.0004633920296570899,62220
750,0.0,1,0.0,0.0,25324
751,0.0789003984063745,314,0.0789003984063745,1.0,62750
752,0.0,1,0.0,0.0,7863
753,0.0,1,0.0,0.0,6236
754,0.0,1,0.0,0.0,42792
755,0.0,1,0.0,0.0,17092
756,0.0,1,0.0,0.0,60353
757,0.0,1,0.0,0.0,33027
758,0.0,1,0.0,0.0,198
759,0.8213494758600325,42,0.8261922088723211,0.9929141306869902,67333
760,0.7781398739333648,621,0.8137668161434978,0.9467341402337228,22300
761,0.6927137805667613,379,0.6953456981452782,0.9945656060064355,20003
762,0.002310135720473578,146,0.0055704764746841735,0.003931479921370402,10053
763,0.0,1,0.0,0.0,1483
764,0.0,1,0.0,0.0,7768
765,0.8617293025820086,587,0.8783882509413109,0.9784654550007303,53383
766,0.780295724847316,557,0.7848367280956999,0.9926395420159476,6186
767,0.24733268671193018,118,0.3996865203761755,0.39351851851851855,638
768,0.0,1,0.0,0.0,26915
769,0.0,1,0.0,0.0,51899
770,0.0,1,0.0,0.0,34588
771,0.0,1,0.0,0.0,30740
772,0.0,1,0.0,0.0,5724
773,0.19407069555302167,407,0.20501084076126236,0.784331797235023,4151
774,0.8118556701030928,332,0.984375,0.8224543080939948,320
775,0.884189663388641,57,0.8850139843462047,0.9989476904252065,92246
776,0.8458267216756585,613,0.8636142704384174,0.9762279769971796,30861
777,0.0,1,0.0,0.0,3207
778,0.0,1,0.0,0.0,3122
779,0.0,1,0.0,0.0,3588
780,0.902569074163839,102,0.911404796867352,0.9893730074388948,2043
781,0.9425915800984145,724,0.9545957918050941,0.9868345735546652,1806
782,0.017966223499820338,700,0.7317073170731707,0.01808536291294912,205
783,0.0,1,0.0,0.0,16790
784,0.0,1,0.0,0.0,3269
785,0.6848920863309352,297,0.9351669941060904,0.7190332326283988,509
786,0.0,1,0.0,0.0,81754
787,0.0,1,0.0,0.0,16509
788,0.0,1,0.0,0.0,2395
789,0.0,1,0.0,0.0,15863
790,0.8666192647120331,428,0.8853187489318065,0.9762073027090695,23404
791,0.0028696826468602296,428,0.02678219771563608,0.0032037691401649,2539
792,0.26984834968777877,755,0.9222560975609756,0.2761296211775445,1968
793,0.7759492849962709,226,0.8084358820598146,0.9507623541097592,118399
794,0.02259654889071487,720,0.14696058784235136,0.02600780234070221,1497
795,0.9304648994272012,154,0.9355620739073948,0.9941786817347243,74661
796,0.8157894736842105,565,0.8196548698449839,0.9942524657631449,17095
797,0.929932909210412,376,0.9313188519194704,0.9984022794147017,161034
798,0.0,1,0.0,0.0,12090
799,0.0,1,0.0,0.0,18550
800,0.0,1,0.0,0.0,13275
801,0.7882436620433877,76,0.7908956517306418,0.9957640716256979,19617
802,0.0,1,0.0,0.0,43116
803,0.8527773356676747,639,0.8678562751397025,0.9800323141176112,37043
804,0.008826001681143177,466,0.10606060606060606,0.009535341304676858,594
805,0.04515344058402055,371,0.15666041275797374,0.05965350955527773,2132
806,0.0,1,0.0,0.0,18270
807,0.0,1,0.0,0.0,14522
808,0.0,1,0.0,0.0,44722
809,0.0,1,0.0,0.0,60979
810,0.0,1,0.0,0.0,1241
811,0.0,1,0.0,0.0,5390
812,0.6294046172539489,97,0.9396825396825397,0.6559037670148782,2205
813,0.09009009009009009,97,0.8285714285714286,0.09180120291231403,350
814,0.7561602862454051,91,0.767531601571921,0.9807835245916499,70487
815,0.0,1,0.0,0.0,19837
816,0.0,1,0.0,0.0,24760
817,0.0,1,0.0,0.0,24041
818,0.0,1,0.0,0.0,11885
819,0.887993036785927,681,0.8886036490327313,0.9992267642661993,21814
820,0.7883517320137039,595,0.7887377584330795,0.9993795670756929,18380
821,0.0,1,0.0,0.0,683
822,0.0,1,0.0,0.0,3729
823,0.8161650233523612,572,0.878263297501047,0.9202750146284376,7163
824,0.8462687806092803,474,0.8478875582168995,0.9977490702681543,12024
825,0.5913454620207627,256,0.6603461732702814,0.8498330822180862,43562
826,0.0,1,0.0,0.0,19889
827,0.0,1,0.0,0.0,2712
828,0.0,1,0.0,0.0,1333
829,0.0,1,0.0,0.0,5005
830,0.0,1,0.0,0.0,36447
831,0.0,1,0.0,0.0,44444
832,0.0,1,0.0,0.0,15217
833,0.8247582110069223,689,0.8298713167189469,0.9925849335302807,40487
834,0.8354373017414385,518,0.8439604996403113,0.9880560447132685,15291
835,0.3574007220216607,808,0.6433793663688059,0.445694991558807,1231
836,0.7968920036564663,372,0.826855762064994,0.9565035659238748,44281
837,0.8526309638589418,119,0.8600943118184498,0.9899253731343284,33930
838,0.0,1,0.0,0.0,27867
839,0.0,1,0.0,0.0,7020
840,0.8594076504619635,228,0.8601652435440937,0.998976211984342,57854
841,0.8605923362678745,99,0.8614800759013282,0.9988040220296189,78523
842,0.8699487763232783,648,0.8736781937696485,0.9951171875,6998
843,0.7624070966195157,316,0.7636887608069164,0.9978035770316912,16656
844,0.4167174177831912,743,0.42872807017543857,0.937007874015748,6384
845,0.858151305274374,355,0.8810714255190037,0.9705779895116416,117003
846,0.8587259884180766,246,0.8734073046694406,0.9808011795489471,108150
847,0.8607261096459233,261,0.8683272006793094,0.9899322362052275,17665
848,0.4916467780429594,278,0.8946796959826275,0.5218492716909436,1842
849,0.2976435598261267,278,0.5175019888623708,0.41196960101329955,2514
850,0.3441518677281078,23,0.4517684887459807,0.5909568874868559,1244
851,0.21553969872012685,306,0.23716350947158524,0.7027326440177253,8024
852,0.0022392824030259186,306,0.0022538158264368076,0.25775480059084194,309697
853,0.8880034299247322,167,0.8902693630260357,0.9971419619590551,146568
854,0.8624046779395365,727,0.8631331261878187,0.9990223463687151,33149
855,0.827049216902414,104,0.8855286417275811,0.9260554584061954,20931
856,0.8994358155948662,788,0.9013808483319442,0.9976066415696443,44393
857,0.0,1,0.0,0.0,1027
858,0.8936328394668366,53,0.8956780923994039,0.9974512477031593,18788
859,0.0,1,0.0,0.0,7642
860,0.0,1,0.0,0.0,7955
861,0.0,1,0.0,0.0,3348
862,0.8448803210146758,196,0.8457584269662921,0.9987726398195449,142400
863,0.0,1,0.0,0.0,19804
864,0.0,1,0.0,0.0,7450
865,0.0,1,0.0,0.0,20447
866,0.0,1,0.0,0.0,1605
867,0.0,1,0.0,0.0,37657
868,0.0,1,0.0,0.0,15502
869,0.0,1,0.0,0.0,4970
870,0.0,1,0.0,0.0,7511
871,0.0,1,0.0,0.0,26136
872,0.0,1,0.0,0.0,16279
873,0.0,1,0.0,0.0,25860
874,0.0,1,0.0,0.0,46803
875,0.0,1,0.0,0.0,3561
876,0.0,1,0.0,0.0,36936
877,0.020533366720921497,738,0.025176542830825915,0.1001832620647526,6514
878,0.0044411547002220575,738,0.011142061281337047,0.007330482590103849,1077
879,0.0,1,0.0,0.0,4775
880,0.6233324614177348,250,0.627931488801054,0.9883865615927001,3795
881,0.0,1,0.0,0.0,6656
882,0.0,1,0.0,0.0,13530
883,0.0,1,0.0,0.0,38815
884,0.0,1,0.0,0.0,2229
885,0.0,1,0.0,0.0,25715
886,0.7994834871811273,308,0.8014475445444563,0.9969440913282983,249526
887,0.0,1,0.0,0.0,74901
888,0.0,1,0.0,0.0,16046
889,0.0,1,0.0,0.0,3594
890,0.8690187324080365,735,0.8699158357521952,0.9988147197858129,82339
891,0.0,1,0.0,0.0,14753
892,0.0,1,0.0,0.0,21558
893,0.0,1,0.0,0.0,50491
894,0.0,1,0.0,0.0,381
895,0.0,1,0.0,0.0,10229
896,0.0,1,0.0,0.0,4073
897,0.0,1,0.0,0.0,12563
898,0.0,1,0.0,0.0,12567
899,0.23295454545454544,631,0.31127982646420826,0.4807370184254606,922
900,0.6174622661948437,225,0.6294632997128764,0.9700476514635806,13583
901,0.0,1,0.0,0.0,41120
902,0.8506937529044679,637,0.8542666666666666,0.9951075561077891,15000
903,0.0023202689869356538,638,0.10371730151445617,0.0023677441998124662,4358
904,0.012582781456953643,191,0.06998158379373849,0.015109343936381709,543
905,0.4869754246343171,68,0.4968983796383323,0.9606076022966785,26599
906,0.0,1,0.0,0.0,13827
907,0.8608121139461544,598,0.8630276583791693,0.9970265946207022,76541
908,0.842376752244448,620,0.8439053254437869,0.9978543775362657,101400
909,0.22516328635269853,405,0.8675496688741722,0.23317906728373086,755
910,0.0018765868197372778,756,0.06007067137809187,0.001933356078698965,283
911,0.0,1,0.0,0.0,153
912,0.8096467449765501,714,0.8380617289449072,0.9598061718949248,44906
913,0.7613049388309923,857,0.7785191363173014,0.9717755928282245,10791
914,0.8248974008207934,830,0.8311509303928325,0.9909613804437141,2902
915,0.7291492910758965,685,0.7328164291701592,0.9931837546151662,4772
916,0.0028429282160625444,5,0.08163265306122448,0.002936857562408223,343
917,0.6626689833453405,594,0.6712167063722019,0.9811450980392157,46593
918,0.8816837315130831,18,0.8919665464589888,0.9870934873057655,13033
919,0.843978102189781,39,0.8449031786627694,0.9987043835024833,5474
920,0.8907671721677074,824,0.8918412003751173,0.9986498649864987,22393
921,0.0,1,0.0,0.0,8600
922,0.0,1,0.0,0.0,17750
923,0.5735422106179286,756,0.5823533410373191,0.9742977368361196,14711
924,1.7488020705816516e-05,533,2.347390288846375e-05,6.857534716269501e-05,85201
925,0.7840437309714918,221,0.8551698113207548,0.9040931939679246,13250
926,0.6215976807859559,700,0.6517774212615047,0.9306727755003618,11843
927,0.8072575962841108,590,0.8399653630834911,0.9539830295267937,49658
928,0.827438834715103,740,0.8323469790348693,0.9929239158660088,73503
929,0.8093796211534399,160,0.9073971737585853,0.8822536076143691,12667
930,0.7881392976832289,763,0.8020462633451957,0.9784732272069464,13488
931,0.8918343935759725,98,0.8935489937934926,0.9978530256003361,47853
932,0.0,1,0.0,0.0,6627
933,0.0,1,0.0,0.0,22778
934,5.396275490656349e-06,853,6.205783790492739e-06,4.136675767353355e-05,161140
935,0.11776155717761558,549,0.121,0.8148148148148148,4000
936,0.0,1,0.0,0.0,229
937,0.0,1,0.0,0.0,1237
938,0.0,1,0.0,0.0,26055
939,0.0,1,0.0,0.0,1142
940,0.0,1,0.0,0.0,1161
941,0.7332769940843789,87,0.8149700166172964,0.8797379503977538,13841
942,0.0,1,0.0,0.0,89299
943,0.797822509178377,146,0.8902387342845035,0.884863802302724,14158
944,0.6604131391804944,164,0.6638300769283138,0.9922662053526,14689
945,0.7780053568615094,63,0.9359363153904473,0.8217673489765353,5276
946,0.646889528448085,687,0.7073347857661583,0.8833131801692866,4131
947,0.00048699717541638256,533,0.009085402786190187,0.0005143151037202125,1651
948,0.0,1,0.0,0.0,14462
949,0.6369568950712691,807,0.7194956353055286,0.8473840530043408,5155
950,0.0,1,0.0,0.0,12688
951,0.0,1,0.0,0.0,18155
952,3.6130524099059576e-05,638,0.002456140350877193,3.666860486435235e-05,2850
953,0.0002050580997949419,148,0.0008559201141226819,0.0002695902228612509,3505
954,0.624680540343191,35,0.6738873572272548,0.8953427524856097,2539
955,0.8813064866720055,862,0.8826697221426525,0.9982506155241674,17455
956,0.38029416976785396,608,0.4757260031035247,0.6546674801708359,4511
957,0.14370324189526185,137,0.8458715596330275,0.14756722151088347,1090
958,0.8093657690162569,649,0.8190033583701454,0.9856692437989502,143522
959,0.0,1,0.0,0.0,6078
960,0.0,1,0.0,0.0,8020
961,0.0,1,0.0,0.0,4413
962,0.0,1,0.0,0.0,181
963,0.8914001705091694,643,0.892387593520738,0.9987602381968579,55068
964,0.8556678383128296,863,0.8747567001048061,0.9751314362012852,13358
965,0.9764816556914393,254,0.9811582330329573,0.9951425284417743,15869
966,0.0,1,0.0,0.0,5852
967,0.0,1,0.0,0.0,457
968,0.8950064020486556,722,0.9067052484534025,0.9857886743328271,10022
969,0.847684515195369,195,0.907436096049574,0.927920792079208,12910
970,0.9223844500179147,20,0.9622782562648933,0.9569870821845667,128414
971,0.020963198965692386,20,0.7690570299265952,0.021096000743471392,3542
972,0.0,1,0.0,0.0,19499
973,0.7758321080069509,59,0.8521509323153722,0.8965091133765832,6811
974,0.6663396741448435,660,0.6988280551082483,0.9347813079638605,22356
975,0.5831511586311061,748,0.5904974643805844,0.9791117488071007,99384
976,0.687571921749137,871,0.8012963790791239,0.8289017341040462,4474
977,0.8275022817158503,484,0.8300274641440342,0.9963369963369964,3277
978,0.8535430853965404,301,0.8541894128834572,0.9991142968959196,56786
979,0.8280922431865828,80,0.8613170518970781,0.9554910498306725,2293
980,0.8997510373443983,791,0.9107862903225806,0.986712777575537,5952
981,0.754464894342195,148,0.7575633127994524,0.994608195542775,14610
982,0.8676989298738567,533,0.8712669207911877,0.9953025887193554,33317
983,0.8741929855173617,476,0.8766404199475065,0.996816553919618,5715
984,0.0,1,0.0,0.0,1567
985,0.0,1,0.0,0.0,15324
986,0.0,1,0.0,0.0,43568
987,0.0,1,0.0,0.0,15321
988,0.0,1,0.0,0.0,2359
989,0.42059513651877134,277,0.913640312771503,0.43800849693166355,17265
990,0.5898441011993598,577,0.5993385953372798,0.9738451490321814,54732
991,0.0,1,0.0,0.0,13678
992,0.0,1,0.0,0.0,32799
993,0.0,1,0.0,0.0,11457
994,0.0,1,0.0,0.0,24522
995,0.0,1,0.0,0.0,249
996,0.0,1,0.0,0.0,1104
997,0.7751040858090467,872,0.786368843069874,0.98185393760615,13968
998,0.10028011204481793,185,0.32021466905187834,0.12740213523131672,559
999,0.5021042927572248,437,0.5047749526534231,0.9895726360691998,24817
1000,0.0,1,0.0,0.0,12231
1001,0.0,1,0.0,0.0,79993
1002,0.0,1,0.0,0.0,18908
1003,0.0,1,0.0,0.0,4096
1004,0.0,1,0.0,0.0,2621
1005,0.0,1,0.0,0.0,1808
1006,0.0,1,0.0,0.0,5298
1007,0.009606271385198631,797,0.009928442164333981,0.22841864018334607,60231
1008,0.0,1,0.0,0.0,13089
1009,0.0,1,0.0,0.0,62674
1010,0.0,1,0.0,0.0,698
1011,0.0,1,0.0,0.0,10549
1012,0.0,1,0.0,0.0,5580
1013,0.0,1,0.0,0.0,4753
1014,0.7488208973273672,43,0.88558352402746,0.8290266434596332,13984
1015,0.0,1,0.0,0.0,4464
1016,0.0,1,0.0,0.0,6962
1017,0.68832675794848,67,0.7140965450824606,0.9501842063110684,8307
1018,0.27208201892744477,401,0.3007846556233653,0.740343347639485,1147
1019,0.0,1,0.0,0.0,15118
1020,0.0,1,0.0,0.0,603
1021,0.0,1,0.0,0.0,32113
1022,0.8045005794422685,511,0.8090898808440744,0.9929988049684343,203347
1023,0.003939862134537675,511,0.20356155971753148,0.004001545091317311,3257
1024,0.6127853881278539,431,0.8479359730412805,0.6884404924760602,2374
1025,0.38666799920047973,720,0.7143648449039882,0.45738266934625843,5416
1026,0.46038863976083705,720,0.8262119179919525,0.5097529258777633,5219
1027,0.0,1,0.0,0.0,675
1028,0.7918309150381615,27,0.8164130058803182,0.9633673469387755,11564
1029,0.78903196137043,165,0.814986343664648,0.9612044817927171,8421
1030,0.866774993024439,423,0.8704753741676007,0.9951195613258211,60668
1031,0.7536466774716369,94,0.7830165985085398,0.9525899912203687,4157
1032,0.0,1,0.0,0.0,3976
1033,0.0,1,0.0,0.0,938
1034,0.0,1,0.0,0.0,914
1035,0.0014748371638831003,638,0.036352357320099254,0.00153484303217932,8060
1036,0.0,1,0.0,0.0,4847
1037,0.0,1,0.0,0.0,14118
1038,0.5569476082004556,869,0.5591411510608563,0.9930054151624549,7871
1039,0.0,1,0.0,0.0,3366
1040,0.00013325269836714194,638,0.006124852767962308,0.0001361976752104516,4245
1041,0.0,1,0.0,0.0,5308
1042,0.00047393364928909954,718,0.0026001040041601664,0.0005792400370713623,7692
1043,0.8492216848093518,136,0.8495785606224335,0.9995056008362408,83286
1044,0.7703432930705658,61,0.7732929164007658,0.9950728803120509,6268
1045,0.0,1,0.0,0.0,1769
1046,0.7937714285714286,540,0.8514250689549494,0.92139824887238,16315
1047,0.8198941083699448,422,0.8207447168407046,0.9987375469989297,44339
1048,0.0,1,0.0,0.0,11969
1049,0.0,1,0.0,0.0,4395
1050,0.0,1,0.0,0.0,3825
1051,0.0,1,0.0,0.0,9341
1052,0.0,1,0.0,0.0,4448
1053,0.7444162343157817,614,0.746366118202612,0.9965028076051621,54212
1054,0.8039527518384102,182,0.8902569351415627,0.8923926491445126,66437
1055,0.8998997630763623,799,0.9238505075073671,0.971998031496063,21379
1056,0.0,1,0.0,0.0,329
1057,0.0,1,0.0,0.0,2369
1058,0.0,1,0.0,0.0,86879
1059,0.0,1,0.0,0.0,15476
1060,0.0,1,0.0,0.0,1047
1061,0.0,1,0.0,0.0,4127
1062,0.0,1,0.0,0.0,9758
1063,0.0,1,0.0,0.0,15302
1064,0.0,1,0.0,0.0,1619
1065,0.0,1,0.0,0.0,16977
1066,0.5303687635574837,797,0.6463978849966953,0.747135217723453,3026
1067,0.829547468018002,742,0.8517009277787885,0.9695978130306921,27485
1068,0.0,1,0.0,0.0,9266
1069,0.0,1,0.0,0.0,52251
1070,0.4968888888888889,764,0.6833740831295844,0.6454965357967667,1636
1071,0.13519952352590828,244,0.9389865563598759,0.13639777677632567,967
1072,0.8402656091487596,836,0.8936733692986758,0.9335997540731632,20390
1073,0.735440105890139,628,0.7479387514723204,0.9777826660800704,5943
1074,0.0,1,0.0,0.0,163907
1075,0.0,1,0.0,0.0,551
1076,0.0,1,0.0,0.0,7165
1077,0.8933598582366512,679,0.8964470240891096,0.9961599403485879,59612
1078,0.8056632789515913,707,0.8138804457953394,0.9876234580549977,29610
1079,0.6586826347305389,155,0.7935076645626691,0.7949412827461608,2218
1080,0.22979016167870658,801,0.767816091954023,0.24695009242144178,1740
1081,0.0,1,0.0,0.0,830
1082,0.0,1,0.0,0.0,28012
1083,0.0,1,0.0,0.0,7550
1084,0.0,1,0.0,0.0,6606
1085,0.3427209705372617,667,0.6521022258862325,0.419406150583245,1213
1086,0.8815909505564677,853,0.8820415464933737,0.9994208653925706,27391
1087,0.0,1,0.0,0.0,32659
1088,0.0,1,0.0,0.0,8867
1089,0.7676397434219139,215,0.9028483448806774,0.83675799086758,19485
1090,0.7547421731123388,230,0.7634949466722556,0.9850378560269198,21471
1091,0.618700136213271,566,0.8645819170632223,0.685089420383538,7355
1092,0.8188519960762165,780,0.8225686046164412,0.9945124372721037,33489
1093,0.6605399195864445,48,0.7833787465940054,0.8081517919887562,4404
1094,0.6079295154185022,536,0.7792696699711381,0.7343897824030274,7969
1095,0.0,1,0.0,0.0,1668
1096,0.0,1,0.0,0.0,76236
1097,0.0,1,0.0,0.0,2403
1098,0.0,1,0.0,0.0,3910
1099,0.0,1,0.0,0.0,9067
1100,0.0,1,0.0,0.0,19926
1101,0.0,1,0.0,0.0,10385
1102,0.0,1,0.0,0.0,3549
1103,0.0,1,0.0,0.0,39460
1104,0.0,1,0.0,0.0,16265
1105,0.0,1,0.0,0.0,13863
1106,0.0,1,0.0,0.0,2492
1107,0.7175393546946522,804,0.7586166194523135,0.9298321759259259,8472
1108,0.8081607253978131,596,0.8860623781676413,0.9018849206349207,10260
1109,0.009695333353787623,107,0.02772172997631371,0.014690841469084146,11399
1110,0.8345889424066527,107,0.8793701743732107,0.9424918642491864,23054
1111,0.0,1,0.0,0.0,1016
1112,0.0,1,0.0,0.0,498
1113,0.0,1,0.0,0.0,3488
1114,0.0,1,0.0,0.0,71475
1115,0.0,1,0.0,0.0,9223
1116,0.0,1,0.0,0.0,52969
1117,0.0,1,0.0,0.0,5591
1118,0.4434447300771208,543,0.5108588351431392,0.77066269545793,4052
1119,0.5934790149150191,361,0.6530534351145039,0.8667679837892603,2620
1120,0.0,1,0.0,0.0,4190
1121,0.0,1,0.0,0.0,1779
1122,0.0,1,0.0,0.0,5679
1123,0.8393706059591564,162,0.8551159618008185,0.9785340722816329,14660
1124,0.0,1,0.0,0.0,224
1125,0.8903306078919303,835,0.892551674982181,0.9972128210232929,5612
1126,0.0,1,0.0,0.0,153
1127,0.0,1,0.0,0.0,669
1128,0.8112395196011783,712,0.8321710832171083,0.9699268490923869,4302
1129,0.8735078534031414,573,0.8757085870249842,0.9971312455175712,4763
1130,0.9353872085401255,859,0.967645064419258,0.9655872402126631,10323
1131,0.0,1,0.0,0.0,81441
1132,0.8615635961750997,837,0.8690383869716944,0.990115412225965,20632
1133,0.8704123914759274,248,0.8742722655766134,0.9949533395359328,40365
1134,0.0,1,0.0,0.0,5235
1135,0.0,1,0.0,0.0,1758
1136,0.00042391442580791026,98,0.00107342206955775,0.000700100347716506,27948
1137,0.8143867517681559,92,0.8281003332748641,0.9800705833506331,11402
1138,0.8709268645908762,420,0.8832384798971911,0.9842471358428805,5447
1139,0.912360952281942,253,0.9131203828946,0.9990892531876139,9611
1140,0.0,1,0.0,0.0,41631
1141,0.4190652374993199,444,0.41933903195949257,0.9984443868291418,18367
1142,0.0011607661056297156,444,0.004552352048558422,0.00155561317085818,2636
1143,0.5121359223300971,517,0.6643576826196473,0.6908971840209561,1588
1144,0.7616503960213667,668,0.7731380492365223,0.9808650272791967,16045
1145,0.39102889001520524,128,0.39721971939760586,0.961670302274852,7769
1146,0.8210272218688327,170,0.8796043894597051,0.9249738152551404,57228
1147,0.7891538101916784,692,0.866974833076528,0.8978723404255319,3894
1148,0.8507446656164972,263,0.8567256732883873,0.9918607563235663,27737
1149,0.7975330437408534,482,0.7987390656988647,0.9981103552532123,42984
1150,0.8554207846660676,847,0.8786433899869261,0.9700288673798607,13003
1151,0.838173636600986,581,0.8498287137963252,0.983900917629667,64220
1152,0.9518246511954007,497,0.9604779086631999,0.99062343229808,113076
1153,0.005346499543092514,684,0.01137682841885303,0.009985989045981403,34456
1154,0.0741444866920152,524,0.08034610630407911,0.4899497487437186,4854
1155,0.7080062794348508,731,0.9724018973695558,0.7225248317846844,2319
1156,0.5618705035971223,815,0.5643063583815029,0.9923761118170267,2768
1157,0.0,1,0.0,0.0,2079
1158,0.7438597375116508,299,0.7898199909059299,0.9274474700838594,37387
1159,0.7973643676193736,334,0.7984575835475578,0.9982858367259482,5835
1160,0.779363365216497,203,0.8323767678154607,0.9244540685616689,36415
1161,0.0,1,0.0,0.0,57876
1162,0.0,1,0.0,0.0,8167
1163,0.9180763653939101,9,0.9186313625921896,0.9993423648559779,16542
1164,0.8914639412696128,239,0.9087307410124725,0.9791304347826087,6815
1165,0.6205318491032776,796,0.7953392517438174,0.7384456873712099,6308
1166,0.1755428848720126,796,0.49965469613259667,0.2129820429790992,2896
1167,0.0,1,0.0,0.0,3411
1168,0.0,1,0.0,0.0,1482
1169,0.3338869177927078,190,0.3362986618004866,0.9789729969012837,13152
1170,8.192748052515515e-05,220,0.0001410288051334485,0.00019545883962602208,85089
1171,0.0,1,0.0,0.0,2520
1172,0.0,1,0.0,0.0,2300
1173,0.5236380713838447,214,0.6738517324738115,0.7014049066890333,4964
1174,0.4720101781170484,28,0.6937821411874708,0.5962233828846927,2139
1175,0.79305146303022,183,0.8114570186509606,0.9721942204301075,14262
1176,0.24433887569279494,320,0.8939745075318656,0.2516307893020222,1726
1177,0.78891388832072,144,0.7900450634985662,0.9981884057971014,4882
1178,0.0,1,0.0,0.0,3739
1179,0.5011835592855606,264,0.5792091519522506,0.7881556683587141,4021
1180,0.0,1,0.0,0.0,7015
1181,0.0,1,0.0,0.0,4067
1182,0.0,1,0.0,0.0,8227
1183,0.0,1,0.0,0.0,14628
1184,0.0,1,0.0,0.0,20467
1185,0.0,1,0.0,0.0,12423
1186,0.6521054800164813,397,0.6668604896136182,0.9671832604072453,118665
1187,0.001146142572620345,809,0.06616052060737528,0.0011649892095261741,922
1188,0.008482247138519038,809,0.0347571189279732,0.01109604476614274,16716
1189,0.0,1,0.0,0.0,22377
1190,0.8319987314675334,396,0.9582686512647247,0.8632773938795657,32853
1191,0.6624718505762353,678,0.6647172193792783,0.9949268874962698,45141
1192,0.0,1,0.0,0.0,3231
1193,0.0,1,0.0,0.0,4372
1194,0.0,1,0.0,0.0,23740
1195,0.0,1,0.0,0.0,42003
1196,0.7587844254510921,684,0.800095783355465,0.9362883709081645,45937
1197,0.0,1,0.0,0.0,613
1198,0.0,1,0.0,0.0,4786
1199,0.0,1,0.0,0.0,60328
1200,0.0,1,0.0,0.0,57574
1201,0.0,1,0.0,0.0,3057
1202,0.0,1,0.0,0.0,6528
1203,0.0,1,0.0,0.0,8434
1204,0.0,1,0.0,0.0,481
1205,0.0,1,0.0,0.0,17137
1206,0.0,1,0.0,0.0,6160
1207,0.0,1,0.0,0.0,9472
1208,0.0,1,0.0,0.0,11502
1209,0.0671186440677966,143,0.08643771827706635,0.23094867807153965,3436
1210,0.20423892100192678,224,0.33974358974358976,0.33865814696485624,936
1211,0.03431657182673325,285,0.2891389432485323,0.0374785972477646,2044
1212,0.0,1,0.0,0.0,19957
1213,0.0,1,0.0,0.0,2661
1214,0.0,1,0.0,0.0,9847
1215,0.0,1,0.0,0.0,151286
1216,0.0,1,0.0,0.0,23316
1217,0.0,1,0.0,0.0,72667
1218,0.0,1,0.0,0.0,10259
1219,0.0,1,0.0,0.0,1187
1220,0.0,1,0.0,0.0,6780
1221,0.0,1,0.0,0.0,4586
1222,0.0,1,0.0,0.0,2420
1223,0.0,1,0.0,0.0,42153
1224,0.0,1,0.0,0.0,30376
1225,0.0,1,0.0,0.0,14881
1226,0.0,1,0.0,0.0,3229
1227,0.0,1,0.0,0.0,50399
1228,0.0,1,0.0,0.0,817
1229,0.059738643434972,109,0.12030075187969924,0.10607734806629834,798
1230,0.6365079365079365,109,0.693171996542783,0.8861878453038674,1157
1231,0.0,1,0.0,0.0,27319
1232,0.0,1,0.0,0.0,9401
1233,0.0,1,0.0,0.0,23115
1234,0.0,1,0.0,0.0,2137
1235,0.0,1,0.0,0.0,7498
1236,0.884589815184151,603,0.9075469767759097,0.9721988821101085,29323
1237,0.7962404270132282,10,0.8190498925757937,0.9662067023373697,4189
1238,0.0029559931720721097,433,0.06099656357388316,0.0030969205269126754,1164
1239,0.9187606043467722,433,0.9256033535468642,0.9920177963883801,24571
1240,0.0,1,0.0,0.0,7401
1241,0.0,1,0.0,0.0,12185
1242,0.0,1,0.0,0.0,21246
1243,0.0,1,0.0,0.0,17417
1244,0.0,1,0.0,0.0,1551
1245,0.808769505577837,554,0.8341270117139977,0.9637736455279329,28769
1246,0.0,1,0.0,0.0,2530
1247,0.7360085038533085,200,0.7506911692958205,0.9741136747326955,18447
1248,0.0,1,0.0,0.0,1227
1249,0.0,1,0.0,0.0,2050
1250,0.0,1,0.0,0.0,41689
1251,0.6939763703273291,5,0.9004775069112843,0.7516257604363331,7958
1252,0.7588927855711423,326,0.7793642043366409,0.9665458854629566,54420
1253,0.0,1,0.0,0.0,16286
1254,0.0,1,0.0,0.0,5956
1255,0.31039943691712124,469,0.3105633802816901,0.99830220713073,5680
1256,0.0,1,0.0,0.0,45014
1257,0.0,1,0.0,0.0,13567
1258,0.0,1,0.0,0.0,38529
1259,0.0,1,0.0,0.0,69574
1260,0.9137616538305634,293,0.9163617886178862,0.9969043670536207,9840
1261,0.0,1,0.0,0.0,1887
1262,0.0,1,0.0,0.0,6807
1263,0.3961133224069305,805,0.40055876503456767,0.9727460901563938,21118
1264,0.914647577092511,218,0.9155718879191548,0.9988974641675854,10885
1265,0.0,1,0.0,0.0,42568
1266,0.0011896500446118767,190,0.002150152302454757,0.0026560424966799467,5581
1267,0.001318679114730097,234,0.026605968639352554,0.0013855231271731113,9885
1268,0.7927290990573327,697,0.796328637404432,0.9943302965691025,25767
1269,0.4275092936802974,417,0.5608257064600174,0.6426548266095078,14969
1270,0.41365979381443296,212,0.9277456647398844,0.4274300932090546,346
1271,0.5344,698,0.893525949705725,0.570745044429255,1869
1272,0.0,1,0.0,0.0,6149
1273,0.0,1,0.0,0.0,880
1274,0.0,1,0.0,0.0,17064
1275,0.0012496733808209219,809,0.003075030750307503,0.0021008002138996583,35772
1276,0.00011289867344058707,809,0.00043226887123790997,0.00015278547010179333,18507
1277,0.0,1,0.0,0.0,15856
1278,0.4561711639789238,669,0.4654610622352558,0.9580818242790073,6138
1279,0.0,1,0.0,0.0,12893
1280,0.0,1,0.0,0.0,7892
1281,0.0,1,0.0,0.0,9393
1282,0.0,1,0.0,0.0,749
1283,0.0007701114607987596,234,0.029371450949676914,0.0007902223158782004,5107
1284,0.00027285687974515165,425,0.009601536245799328,0.0002807588912831383,4166
1285,0.6821451237571399,122,0.7451758271386203,0.889680860847972,25963
1286,0.0033401446086136436,122,0.022445207288090838,0.003908764830313621,3787
1287,0.48177188586209685,462,0.5783600194080544,0.7425865935708946,10305
1288,0.8218666184492059,607,0.8384419097980139,0.9765110283586365,32527
1289,0.00882051282051282,607,0.16329113924050634,0.009238040676024063,1580
1290,4.424452474006342e-05,234,0.0006615701264334019,4.7413338952692026e-05,13604
1291,0.0,1,0.0,0.0,16825
1292,0.0,1,0.0,0.0,1121
1293,0.0,1,0.0,0.0,8994
1294,0.0,1,0.0,0.0,7544
1295,0.0,1,0.0,0.0,3433
1296,0.0,1,0.0,0.0,11642
1297,0.0,1,0.0,0.0,6880
1298,0.0,1,0.0,0.0,1950
1299,0.5612311927179455,726,0.5622865022407472,0.9966670369958893,63818
1300,0.6906680995880351,400,0.7109144542772862,0.9603985056039851,5424
1301,0.7640495029417732,758,0.8219118288956787,0.9156333576464868,4582
1302,0.06959486562374649,758,0.28442622950819674,0.08436664235351325,1220
1303,0.0,1,0.0,0.0,14601
1304,0.0,1,0.0,0.0,8015
1305,0.0,1,0.0,0.0,8758
1306,0.0,1,0.0,0.0,9217
1307,0.0,1,0.0,0.0,9976
1308,0.0,1,0.0,0.0,12197
1309,0.0,1,0.0,0.0,39178
1310,0.0,1,0.0,0.0,6218
1311,0.0,1,0.0,0.0,7151
1312,0.0,1,0.0,0.0,2100
1313,0.0,1,0.0,0.0,13744
1314,0.0,1,0.0,0.0,7470
1315,0.8044414230682075,8,0.8294392523364486,0.9638881346728211,4280
1316,0.0,1,0.0,0.0,4352
1317,0.0,1,0.0,0.0,13835
1318,0.0,1,0.0,0.0,9469
1319,0.0,1,0.0,0.0,2374
1320,0.8640972607577057,309,0.8942468327996659,0.9624475576865448,57464
1321,0.8628286035076852,168,0.8644350490671425,0.9978508104235695,25781
1322,0.42027027027027025,260,0.4386459802538787,0.9093567251461988,2127
1323,0.8817903596021424,814,0.8909934286818709,0.9884219554030875,2587
1324,0.2742608695652174,801,0.8226395409494001,0.29149722735674677,1917
1325,0.0,1,0.0,0.0,451
1326,0.0,1,0.0,0.0,3286
1327,0.006270851892609478,809,0.06842004955212502,0.006856247970817975,5247
1328,0.0,1,0.0,0.0,21763
1329,0.08705898195529221,117,0.6044880785413744,0.09231757818077967,2139
1330,0.7952330084123381,117,0.9245517348443686,0.8504212480365557,12883
1331,0.0,1,0.0,0.0,31517
1332,0.0,1,0.0,0.0,6998
1333,0.0,1,0.0,0.0,7356
1334,0.0,1,0.0,0.0,2721
1335,0.0,1,0.0,0.0,3195
1336,0.0,1,0.0,0.0,22193
1337,0.0,1,0.0,0.0,1852
1338,0.7894910773298083,752,0.7922478200651542,0.9956118846832712,102526
1339,0.42738589211618255,17,0.6677844846858931,0.5427948391786298,4473
1340,0.20798022598870056,17,0.8797610156833457,0.214065055424314,1339
1341,0.0,1,0.0,0.0,1944
1342,0.7680292455965437,588,0.7809191259292634,0.9789607455521039,17756
1343,0.7508417508417509,86,0.9338358458961474,0.7930298719772404,1194
1344,0.0,1,0.0,0.0,451241
1345,0.0,1,0.0,0.0,8884
1346,0.7180436887074372,795,0.7262046654180146,0.9845905234604951,23492
1347,0.5935078866860026,285,0.6137727011258115,0.9473016678292853,24338
1348,0.14426807760141094,615,0.6217155266015201,0.15815058277633542,4605
1349,0.09114680612626073,615,0.7286689419795221,0.09434900292769154,2344
1350,0.0,1,0.0,0.0,5395
1351,0.0,1,0.0,0.0,11297
1352,0.8872868217054264,266,0.9289076448628469,0.9519294743845642,6161
1353,0.0,1,0.0,0.0,10448
1354,0.056737077355634054,683,0.8146997929606625,0.057478819748758396,966
1355,0.0,1,0.0,0.0,10793
1356,0.0,1,0.0,0.0,1074
1357,0.0,1,0.0,0.0,1251
1358,0.0,1,0.0,0.0,6884
1359,0.008797009016934242,28,0.0106458481192335,0.04821213338690237,11272
1360,0.0048392409232562265,684,0.47160493827160493,0.004865622213730735,405
1361,0.8822127446061214,382,0.9073667913817572,0.9695340501792115,7751
1362,0.0,1,0.0,0.0,2124
1363,0.0,1,0.0,0.0,19520
1364,0.0,1,0.0,0.0,15080
1365,0.0,1,0.0,0.0,2633
1366,0.0,1,0.0,0.0,10851
1367,0.15228085867620753,778,0.1526563550773369,0.9841040462427746,4461
1368,0.0,1,0.0,0.0,2373
1369,0.0,1,0.0,0.0,21893
1370,0.0,1,0.0,0.0,23682
1371,0.0,1,0.0,0.0,1883
1372,0.0,1,0.0,0.0,7593
1373,0.0,1,0.0,0.0,163
1374,0.0,1,0.0,0.0,20181
1375,0.0886013857379361,259,0.9070935342121783,0.08941278386238476,1593
1376,0.46441452882905765,259,0.721774830254224,0.5656828166573851,12666
1377,0.0,1,0.0,0.0,5877
1378,0.0,1,0.0,0.0,1345
1379,0.00018519461639250148,234,0.00152619329238048,0.00021072595090085343,26209
1380,0.0,1,0.0,0.0,3895
1381,0.0,1,0.0,0.0,1202
1382,0.0,1,0.0,0.0,7333
1383,0.0,1,0.0,0.0,28118
1384,0.0,1,0.0,0.0,2717
1385,0.0,1,0.0,0.0,1320
1386,0.0,1,0.0,0.0,23900
1387,0.0,1,0.0,0.0,52321
1388,0.001442136609667934,809,0.06943192064923355,0.0014705601497297608,1109
1389,0.0,1,0.0,0.0,8050
1390,0.0,1,0.0,0.0,8853
1391,0.0,1,0.0,0.0,7423
1392,0.0031870129223414588,684,0.12355212355212356,0.0032607311170551522,1036
1393,0.001719669629665512,809,0.004677977268983693,0.0027119420943068316,30355
1394,0.07994963802329241,809,0.7237680187730473,0.08246595748744294,5966
1395,0.0,1,0.0,0.0,9130
1396,0.0,1,0.0,0.0,9818
1397,0.0,1,0.0,0.0,18079
1398,0.00034612056533025673,658,0.0006270903010033445,0.0007719027402547279,9568
1399,0.0,1,0.0,0.0,12102
1400,0.0,1,0.0,0.0,4995
1401,0.0003602045962106477,638,0.019971469329529243,0.00036668604864352353,3505
1402,0.006442026952609541,638,0.4386275203395826,0.006495581433113845,2827
1403,0.0,1,0.0,0.0,66376
1404,0.0,1,0.0,0.0,1925
1405,0.0,1,0.0,0.0,11069
1406,0.0,1,0.0,0.0,8845
1407,0.0,1,0.0,0.0,2997
1408,0.42401960784313725,252,0.4765840220385675,0.7935779816513762,1089
1409,0.4605744125326371,677,0.4625065547981122,0.9910112359550561,3814
1410,0.0,1,0.0,0.0,5022
1411,0.0,1,0.0,0.0,2995
1412,0.0,1,0.0,0.0,4825
1413,0.0,1,0.0,0.0,12740
1414,0.0,1,0.0,0.0,7962
1415,0.0,1,0.0,0.0,2451
1416,0.018575851393188854,28,0.03679476696647588,0.03615910004017678,2446
1417,0.772313069529397,44,0.8066492829204693,0.9477634803921569,15340
1418,0.9125712014836402,483,0.9215437094508728,0.9894434470377019,14951
1419,0.5087620124364047,341,0.7246376811594203,0.6306937631394534,1242
1420,0.0,1,0.0,0.0,2038
1421,0.0003518648838845883,200,0.0012313104661389623,0.0004924029262802476,5685
1422,0.553308348410442,553,0.5573781162533359,0.9869755647763947,15363
1423,0.7905579100951852,199,0.7938396065162033,0.9947980416156671,28667
1424,0.8773469885393806,605,0.8812147930443301,0.9950221238938053,8166
1425,0.0,1,0.0,0.0,21767
1426,0.7930838663398888,348,0.7984413317887071,0.9916104560997029,132934
1427,0.31702017589239523,783,0.323274952521629,0.9424792371577976,9478
1428,0.0,1,0.0,0.0,29828
1429,0.0,1,0.0,0.0,1586
1430,0.18523489932885906,342,0.4094955489614243,0.25274725274725274,337
1431,0.003440203271761784,809,0.013438162150105943,0.004602662286816524,17934
1432,0.0,1,0.0,0.0,9308
1433,0.01443001443001443,28,0.028782894736842105,0.02812374447569305,2432
1434,0.017294626312538603,28,0.03425774877650897,0.03374849337083166,2452
1435,0.0,1,0.0,0.0,1097
1436,0.00201611879357889,234,0.053004005340453936,0.0020914550626909703,7490
1437,0.22284122562674094,135,0.3035778821828695,0.4559023066485753,5534
1438,0.6992008229150182,359,0.795507742167807,0.852409202720301,22216
1439,0.0,1,0.0,0.0,8403
1440,0.8193570431959908,116,0.8210871736338993,0.9974349197545842,35045
1441,0.7002943021180104,194,0.7047142787784629,0.9911232502560601,20597
1442,0.001386001386001386,645,0.047619047619047616,0.0014255167498218105,336
1443,0.009344406184592532,676,0.6200716845878136,0.009398215425568035,1116
1444,0.07186519081447217,580,0.9477124183006536,0.07215126886714214,459
1445,0.06430715752883552,580,0.5756718528995757,0.0675070492619008,707
1446,0.0,1,0.0,0.0,1356
1447,0.0,1,0.0,0.0,1394
1448,0.0,1,0.0,0.0,12854
1449,0.0024671201814058957,809,0.04689655172413793,0.0025973529917304866,2900
1450,0.9452643347708034,867,0.9810366834087556,0.962857514723587,60327
1451,0.0,1,0.0,0.0,9657
1452,0.0,1,0.0,0.0,6152
1453,0.8903357499824031,426,0.9002206248665575,0.9878172588832488,28102
1454,0.0,1,0.0,0.0,7282
1455,0.2696629213483146,381,0.4852941176470588,0.3776824034334764,544
1456,0.8128544423440454,267,0.8444920549901803,0.9559417946645109,5601
1457,0.0,1,0.0,0.0,2545
1458,0.0,1,0.0,0.0,16762
1459,0.034645198713328995,809,0.3031841255191509,0.03764252019632933,6501
1460,0.04166254329539832,414,0.6209439528023599,0.0427497969130788,678
1461,0.0,1,0.0,0.0,16616
1462,0.0,1,0.0,0.0,47014
1463,0.8915910465819722,583,0.8989143252144919,0.9909453583755435,24593
1464,0.4166666666666667,210,0.43497961033076576,0.9082308420056765,13242
1465,0.6504166666666666,245,0.6675219157579645,0.962095531587057,23385
1466,0.002713040384273261,837,0.01375112714156898,0.0033684908056767354,4436
1467,0.6175769509793761,468,0.6212306810185306,0.990566429788472,38369
1468,0.0,1,0.0,0.0,4282
1469,0.0,1,0.0,0.0,8652
1470,0.32708635328225305,363,0.6877857609405618,0.3841196498054475,4593
1471,0.0,1,0.0,0.0,14403
1472,0.0,1,0.0,0.0,4925
1473,0.0,1,0.0,0.0,11051
1474,0.0,1,0.0,0.0,1189
1475,0.0,1,0.0,0.0,2645
1476,6.97350069735007e-05,425,0.010649627263045794,7.018972282078458e-05,939
1477,0.0,1,0.0,0.0,3568
1478,0.0018343445745731622,106,0.01653944020356234,0.0020589166930630345,786
1479,0.0,1,0.0,0.0,8745
1480,0.0,1,0.0,0.0,1674
1481,0.0,1,0.0,0.0,55076
1482,0.0,1,0.0,0.0,7722
1483,0.0,1,0.0,0.0,1611
1484,0.0,1,0.0,0.0,7155
1485,0.0,1,0.0,0.0,17542
1486,0.6755755916921591,414,0.7652744847711107,0.8521527213647441,10966
1487,0.7140887504468161,600,0.7147822531179718,0.9986431478968792,19564
1488,0.0,1,0.0,0.0,578
1489,0.4069036036315186,710,0.4110558111872789,0.9757764898201813,31947
1490,0.19968781358010926,145,0.6529347429821364,0.22340027441686416,2743
1491,0.0,1,0.0,0.0,15889
1492,0.0,1,0.0,0.0,2198
1493,0.0,1,0.0,0.0,1515
1494,7.06364342727979e-05,837,0.00019594396002743216,0.00011044232149759788,10207
1495,0.0,1,0.0,0.0,4608
1496,0.0,1,0.0,0.0,2264
1497,0.0,1,0.0,0.0,7003
1498,0.0,1,0.0,0.0,8732
1499,0.0,1,0.0,0.0,6206
1500,0.0,1,0.0,0.0,2980
1501,0.5418887230867618,658,0.5476087893149505,0.9810883828637592,13926
1502,0.7351631030701754,609,0.7415664316327941,0.9883908416639794,28932
1503,0.8682710942697637,229,0.878460637986538,0.986817016240384,34170
1504,0.0,1,0.0,0.0,1092
1505,0.0010911074740861974,63,0.0012805215214923896,0.007322349808620403,34361
1506,0.0,1,0.0,0.0,3218
1507,0.0,1,0.0,0.0,7102
1508,2.286367533581023e-05,397,0.00035341933203746247,2.4444498765552813e-05,5659
1509,0.0,1,0.0,0.0,3795
1510,0.0,1,0.0,0.0,13333
1511,0.0,1,0.0,0.0,22868
1512,0.0,1,0.0,0.0,3026
1513,0.0,1,0.0,0.0,1128
1514,0.0,1,0.0,0.0,1215
1515,0.0005039983872051609,809,0.0012172031376791995,0.0008594182693225874,36970
1516,0.0,1,0.0,0.0,32711
1517,0.8332833133253301,279,0.8661675245671502,0.9564243885635549,6411
1518,0.8677287611759079,663,0.8844884488448845,0.9786298186646749,26664
1519,0.0,1,0.0,0.0,9694
1520,0.0,1,0.0,0.0,9279
1521,0.0,1,0.0,0.0,8209
1522,0.0,1,0.0,0.0,2032
1523,0.0,1,0.0,0.0,16185
1524,0.0,1,0.0,0.0,5313
1525,0.0,1,0.0,0.0,309
1526,0.7028301886792453,425,0.710346119003396,0.9851689115679683,197591
1527,0.003987863025574339,122,0.010617834884973455,0.0063459946656856435,12997
1528,0.0,1,0.0,0.0,3832
1529,0.7978464508585645,465,0.8002400010909141,0.996265109330436,73333
1530,0.49708409105160845,432,0.5941833445768683,0.7525871071869363,13341
1531,0.0,1,0.0,0.0,8482
1532,0.5818930041152264,333,0.6213199753932683,0.9016707052671853,11379
1533,0.4396035039188566,115,0.45976734374058226,0.9092859697222553,16591
1534,0.0,1,0.0,0.0,881
1535,0.0,1,0.0,0.0,4469
1536,0.8377054239642003,520,0.8399736964258084,0.9967867798944228,25852
1537,0.002020549417479902,520,0.030860144451739988,0.0021574477851732843,1523
1538,0.0,1,0.0,0.0,6763
1539,0.0,1,0.0,0.0,302
1540,0.0,1,0.0,0.0,10143
1541,0.0,1,0.0,0.0,24670
1542,0.0,1,0.0,0.0,4309
1543,0.0,1,0.0,0.0,15265
1544,0.0,1,0.0,0.0,3391
1545,0.0,1,0.0,0.0,4990
1546,0.0,1,0.0,0.0,54572
1547,0.8768908071477552,741,0.878911619632894,0.9973848412552762,24734
1548,0.0,1,0.0,0.0,452
1549,0.36113296616837137,629,0.5648072190319935,0.5003633720930233,4876
1550,0.23340009243568016,629,0.605515587529976,0.27525436046511625,2502
1551,0.9207017848612499,156,0.921462100139082,0.9991046182846371,23008
1552,0.9205631376349296,718,0.9288139275917325,0.9904425393883225,36819
1553,0.0,1,0.0,0.0,1572
1554,0.0,1,0.0,0.0,2463
1555,0.0,1,0.0,0.0,20128
1556,0.0,1,0.0,0.0,8977
1557,0.0,1,0.0,0.0,44144
1558,0.878089583030271,850,0.899330904362666,0.9738063636163644,147662
1559,0.011492671340015062,850,0.48003629764065336,0.011637542256671237,3306
1560,0.3249396343566747,370,0.4176457548215473,0.5941343424787133,4511
1561,0.0,1,0.0,0.0,4449
1562,0.0,1,0.0,0.0,1666
1563,0.0,1,0.0,0.0,836
1564,0.0,1,0.0,0.0,2122
1565,0.0,1,0.0,0.0,8728
1566,0.0,1,0.0,0.0,984
1567,0.0,1,0.0,0.0,7371
1568,0.0,1,0.0,0.0,2903
1569,0.0,1,0.0,0.0,20930
1570,0.0,1,0.0,0.0,250464
1571,0.0,1,0.0,0.0,824
1572,0.0,1,0.0,0.0,20886
1573,0.0,1,0.0,0.0,1883
1574,0.0,1,0.0,0.0,1506
1575,0.0,1,0.0,0.0,836
1576,1.0445882494267821e-05,234,0.0012158054711246201,1.0536297545042672e-05,1645
1577,0.0,1,0.0,0.0,1558
1578,0.0,1,0.0,0.0,938
1579,0.0,1,0.0,0.0,2898
1580,0.0014880706337527488,877,0.13274336283185842,0.0015026797789391081,678
1581,0.0,1,0.0,0.0,2083
1582,0.0,1,0.0,0.0,2058
1583,0.0,1,0.0,0.0,6595
1584,0.0,1,0.0,0.0,3646
1585,0.0,1,0.0,0.0,74584
1586,0.0,1,0.0,0.0,6118
1587,0.0,1,0.0,0.0,4376
1588,0.0,1,0.0,0.0,27391
1589,0.0,1,0.0,0.0,9041
1590,0.0,1,0.0,0.0,1972
1591,0.0,1,0.0,0.0,2174
1592,0.0,1,0.0,0.0,34065
1593,0.0,1,0.0,0.0,8168
1594,0.0,1,0.0,0.0,7727
1595,0.04244414190758389,432,0.21336553945249598,0.05031804803949492,2484
1596,0.013779046066041582,432,0.08890057864281957,0.016044811544669135,1901
1597,0.745518243185508,809,0.8763710876290731,0.833139168465079,49778
1598,0.0115957078573901,809,0.11003448842174413,0.01279578312102519,6089
1599,5.252459464144085e-05,234,0.01733102253032929,5.268148772521336e-05,577
1600,0.0,1,0.0,0.0,18047
1601,0.0,1,0.0,0.0,31517
1602,0.19250306533543526,626,0.37818306951135583,0.2816504356740133,2906
1603,0.7149857730003162,834,0.7486241569081806,0.9408705600915285,24167
1604,0.0,1,0.0,0.0,1374
1605,0.0,1,0.0,0.0,1788
1606,0.3631970894207265,158,0.3661947612770104,0.9779580590846472,17447
1607,0.6016225448334757,323,0.6213891951488424,0.9497809234917425,4535
1608,0.0,1,0.0,0.0,227405
1609,0.4299529633113829,619,0.4327374640206029,0.9852548072777443,26404
1610,0.0,1,0.0,0.0,6528
1611,0.0,1,0.0,0.0,13989
1612,0.0,1,0.0,0.0,11678
1613,0.0,1,0.0,0.0,16604
1614,0.0,1,0.0,0.0,1308
1615,0.0,1,0.0,0.0,324
1616,0.7824095049133716,352,0.8074137368151644,0.9619263015356248,248107
1617,0.1262866041247294,251,0.3170894526034713,0.17346619365609348,10486
1618,0.0,1,0.0,0.0,13493
1619,0.0,1,0.0,0.0,424
1620,0.0,1,0.0,0.0,2017
1621,0.0,1,0.0,0.0,5551
1622,0.5020824656393169,584,0.5342344338577443,0.892962962962963,4513
1623,0.5425119166389536,363,0.8599543138288526,0.5950875486381323,5691
1624,0.0,1,0.0,0.0,1748
1625,0.0,1,0.0,0.0,2746
1626,0.0,1,0.0,0.0,13826
1627,0.0,1,0.0,0.0,2752
1628,0.0,1,0.0,0.0,8790
1629,0.0,1,0.0,0.0,1923
1630,0.0,1,0.0,0.0,2741
1631,0.0,1,0.0,0.0,24856
1632,0.0,1,0.0,0.0,23982
1633,0.0,1,0.0,0.0,969
1634,0.0,1,0.0,0.0,2621
1635,0.0,1,0.0,0.0,22752
1636,0.29296805599971576,327,0.9028690319754709,0.3025022013501614,9132
1637,0.0,1,0.0,0.0,12032
1638,0.0,1,0.0,0.0,23386
1639,0.0,1,0.0,0.0,17532
1640,0.0,1,0.0,0.0,19946
1641,0.0,1,0.0,0.0,2092
1642,0.0,1,0.0,0.0,2443
1643,0.0,1,0.0,0.0,6814
1644,0.8476719162672406,513,0.8543787434374307,0.9908243768579922,40571
1645,0.6391045679136835,575,0.7045353490440196,0.8731230196996832,8996
1646,0.0,1,0.0,0.0,5965
1647,0.0,1,0.0,0.0,7679
1648,0.0,1,0.0,0.0,544
1649,0.0,1,0.0,0.0,22789
1650,0.08638211382113821,708,0.8104886769964244,0.08816284195514067,839
1651,0.0,1,0.0,0.0,2047
1652,0.0,1,0.0,0.0,8056
1653,0.0,1,0.0,0.0,3122
1654,0.0,1,0.0,0.0,4081
1655,0.0035930897697548075,760,0.011366736382649813,0.0052264079943136685,10997
1656,0.0,1,0.0,0.0,8471
1657,0.0,1,0.0,0.0,3956
1658,0.0,1,0.0,0.0,8515
1659,0.0,1,0.0,0.0,13009
1660,0.0,1,0.0,0.0,2048
1661,0.0,1,0.0,0.0,2045
1662,0.0,1,0.0,0.0,6151
1663,0.0017209140701272484,877,0.16149068322981366,0.0017364299667740805,644
1664,0.0,1,0.0,0.0,29296
1665,0.0,1,0.0,0.0,11435
1666,0.0,1,0.0,0.0,3292
1667,0.0,1,0.0,0.0,3738
1668,0.8225002318523564,413,0.8815504896264992,0.9246928716010944,291753
1669,0.8121559792832757,460,0.8812011759764805,0.912012727335953,119050
1670,0.0,1,0.0,0.0,1366
1671,0.0,1,0.0,0.0,39295
1672,0.0,1,0.0,0.0,58741
1673,0.0,1,0.0,0.0,11960
1674,0.0,1,0.0,0.0,86115
1675,0.6040438079191238,11,0.8177929854576561,0.6979800438062789,3507
1676,0.0,1,0.0,0.0,3257
1677,0.6946353826657963,746,0.7424478739123297,0.9151573408883942,48728
1678,0.0,1,0.0,0.0,5205
1679,0.6255747969865962,529,0.7344360211348495,0.8084460740928057,26118
1680,0.9501848300946883,634,0.9569190340626307,0.9926481217603205,50231
1681,0.0,1,0.0,0.0,1514
1682,0.0,1,0.0,0.0,6726
1683,0.49224716500809995,327,0.8327181208053691,0.5462650425594364,17880
1684,0.07575032474191563,327,0.5258661604176554,0.08130319929556795,4214
1685,0.0,1,0.0,0.0,19208
1686,0.9089511857431377,676,0.9335203183093079,0.9718596786679523,76655
1687,0.0,1,0.0,0.0,2431
1688,0.0,1,0.0,0.0,4637
1689,0.0,1,0.0,0.0,8058
1690,0.0,1,0.0,0.0,69076
1691,0.0,1,0.0,0.0,19865
1692,0.0,1,0.0,0.0,26483
1693,0.0,1,0.0,0.0,12360
1694,0.0,1,0.0,0.0,21801
1695,0.0,1,0.0,0.0,726
1696,0.0,1,0.0,0.0,4046
1697,0.3594709728551615,410,0.36187294305375484,0.9818698416993641,20054
1698,0.0,1,0.0,0.0,3248
1699,0.0,1,0.0,0.0,865
1700,0.0,1,0.0,0.0,12615
1701,0.0,1,0.0,0.0,7830
1702,0.0,1,0.0,0.0,5462
1703,0.7701174423662462,610,0.9802269941076442,0.7822697721391151,25287
1704,0.18602189476029973,610,0.6131668350013773,0.21075553872372657,10891
1705,0.12450183325362665,247,0.7305893358278766,0.13049289891395155,1069
1706,0.2865035516969219,247,0.8383371824480369,0.3032581453634085,2165
1707,0.0,1,0.0,0.0,15112
1708,0.0,1,0.0,0.0,15641
1709,0.0,1,0.0,0.0,28741
1710,0.0,1,0.0,0.0,3584
1711,0.00019493761996161227,676,0.0004349935587492262,0.0003531121402670071,59771
1712,0.0,1,0.0,0.0,7600
1713,0.299827297074062,674,0.30001502704868765,0.9979173608797067,39928
1714,0.24328962723965128,574,0.7072440630612652,0.27053435114503815,5011
1715,0.033648790746582544,138,0.06147934678194044,0.06918918918918919,2082
1716,0.0,1,0.0,0.0,1174
1717,0.0,1,0.0,0.0,7597
1718,0.0,1,0.0,0.0,16146
1719,0.7249685318686349,287,0.7599256327216025,0.9403339517625232,33348
1720,0.03944397403330511,287,0.4450636942675159,0.04148423005565863,2512
1721,0.0,1,0.0,0.0,9633
1722,0.0,1,0.0,0.0,11589
1723,0.0,1,0.0,0.0,2845
1724,0.0,1,0.0,0.0,718
1725,0.0,1,0.0,0.0,29319
1726,0.0,1,0.0,0.0,1293
1727,0.0013598452798259397,441,0.0405770964833183,0.001405020606968902,1109
1728,0.0,1,0.0,0.0,16970
1729,0.0,1,0.0,0.0,3598
1730,0.0,1,0.0,0.0,1545
1731,0.0,1,0.0,0.0,2157
1732,0.0,1,0.0,0.0,837
1733,0.0017839786414695063,676,0.01860644167842936,0.0019692792437967705,7793
1734,0.0,1,0.0,0.0,3647
1735,0.0,1,0.0,0.0,6522
1736,0.0020684674981334833,676,0.02050721999757311,0.0022952289117355463,8241
1737,0.0,1,0.0,0.0,1461
1738,0.0,1,0.0,0.0,7528
1739,4.472757710714811e-05,676,8.446047852893978e-05,9.50686531488096e-05,82879
1740,0.008252121974221942,760,0.12062033314187248,0.008780365430446963,1741
1741,0.46620299934796783,472,0.7950333580429948,0.529891304347826,2698
1742,0.7678549248540554,275,0.7789818548387096,0.9817373352390028,7936
1743,0.11070465922217944,419,0.9023146331894861,0.11204754713304428,2549
1744,0.0,1,0.0,0.0,7079
1745,0.0,1,0.0,0.0,3909
1746,0.0,1,0.0,0.0,6830
1747,0.0,1,0.0,0.0,8062
1748,0.0,1,0.0,0.0,6811
1749,0.0,1,0.0,0.0,15018
1750,0.301840490797546,375,0.4798199549887472,0.44865319865319864,6665
1751,0.28171221471250857,375,0.48279335235856974,0.40347923681257014,5957
1752,0.0,1,0.0,0.0,1665
1753,0.0,1,0.0,0.0,1322
1754,0.0,1,0.0,0.0,5965
1755,0.0,1,0.0,0.0,7140
1756,0.0,1,0.0,0.0,72093
1757,0.0,1,0.0,0.0,33679
1758,0.010709572632220079,356,0.01495456929422938,0.03635674408987525,70547
1759,0.0,1,0.0,0.0,2548
1760,0.0,1,0.0,0.0,9972
1761,0.0,1,0.0,0.0,729
1762,0.0,1,0.0,0.0,7773
1763,0.0,1,0.0,0.0,4068
1764,0.0,1,0.0,0.0,24630
1765,0.0,1,0.0,0.0,2409
1766,0.0,1,0.0,0.0,10583
1767,0.30099280850251386,292,0.3017513637668676,0.9917173411616691,62694
1768,0.0027128157156220767,489,0.07859078590785908,0.0028019323671497585,369
1769,0.0,1,0.0,0.0,5651
1770,0.0,1,0.0,0.0,9521
1771,0.0,1,0.0,0.0,14045
1772,0.0,1,0.0,0.0,16074
1773,0.0,1,0.0,0.0,22731
1774,0.0,1,0.0,0.0,6804
1775,0.0,1,0.0,0.0,52162
1776,0.0,1,0.0,0.0,21514
1777,0.012791741472172352,395,0.020980565371024735,0.03173365994878076,27168
1778,0.0,1,0.0,0.0,2806
1779,0.0,1,0.0,0.0,4280
1780,0.7286808849381405,877,0.9908666531357824,0.7336082680780726,44343
1781,0.4171089908495881,373,0.41765300466268873,0.9968869172698265,30669
1782,0.0,1,0.0,0.0,1576
1783,0.0,1,0.0,0.0,13403
1784,0.0,1,0.0,0.0,5078
1785,0.0,1,0.0,0.0,4294
1786,0.0,1,0.0,0.0,13384
1787,0.0,1,0.0,0.0,8076
1788,0.0,1,0.0,0.0,14429
1789,0.0,1,0.0,0.0,4113
1790,0.0,1,0.0,0.0,87642
1791,0.0,1,0.0,0.0,4274
1792,0.0,1,0.0,0.0,1214
1793,0.0029176236886212675,432,0.008358527476436067,0.004462166524257097,5623
1794,0.0,1,0.0,0.0,1132
1795,0.0,1,0.0,0.0,6128
1796,0.0,1,0.0,0.0,7884
1797,0.0,1,0.0,0.0,5816
1798,0.0009515141486016879,395,0.0036900369003690036,0.0012804810154771183,6233
1799,0.07814607824243593,419,0.8762830902215019,0.07901787889121645,1851
1800,0.0,1,0.0,0.0,16778
1801,0.0,1,0.0,0.0,2932
1802,0.0,1,0.0,0.0,9795
1803,0.0,1,0.0,0.0,35676
1804,0.0,1,0.0,0.0,803
1805,0.0,1,0.0,0.0,97205
1806,0.0,1,0.0,0.0,18675
1807,0.0,1,0.0,0.0,26928
1808,0.6754611066559744,395,0.707102081934184,0.937868834205545,23824
1809,0.0,1,0.0,0.0,1897
1810,0.018314296967309966,395,0.1366642174871418,0.020710388598151653,2722
1811,0.0027459028239442728,395,0.005678421996413628,0.005288943324796794,16730
1812,0.0,1,0.0,0.0,5159
1813,0.0,1,0.0,0.0,4121
1814,2.0467896104959373e-05,425,0.00073117231294175,2.1056916846235373e-05,4103
1815,0.0,1,0.0,0.0,3971
1816,0.0,1,0.0,0.0,10372
1817,0.0,1,0.0,0.0,14294
1818,0.0,1,0.0,0.0,57344
1819,0.0,1,0.0,0.0,283
1820,0.0,1,0.0,0.0,3111
1821,0.0,1,0.0,0.0,253841
1822,0.0,1,0.0,0.0,5861
1823,0.0,1,0.0,0.0,512
1824,0.05309649543927028,419,0.7849538679914834,0.05388025527354216,1409
1825,0.0,1,0.0,0.0,1124
1826,0.0,1,0.0,0.0,14209
1827,0.0,1,0.0,0.0,8004
1828,0.3465360523713088,419,0.9124503968253969,0.3584547181760608,8064
1829,0.2688279539179282,419,0.9218086842964414,0.27510108637404396,6126
1830,0.0,1,0.0,0.0,2748
1831,0.0,1,0.0,0.0,1273
1832,0.0,1,0.0,0.0,3337
1833,0.0,1,0.0,0.0,21993
1834,0.6993693373600994,441,0.7077621466133309,0.9833270887973024,44498
1835,0.26,178,0.5713930965979638,0.32299270072992703,4027
1836,0.0,1,0.0,0.0,2450
1837,0.0,1,0.0,0.0,1262
1838,0.0,1,0.0,0.0,17305
1839,0.0,1,0.0,0.0,6547
1840,0.0,1,0.0,0.0,53621
1841,0.0,1,0.0,0.0,1149
1842,0.0,1,0.0,0.0,805
1843,0.0,1,0.0,0.0,1865
1844,0.0,1,0.0,0.0,1425
1845,0.0,1,0.0,0.0,1218
1846,0.0,1,0.0,0.0,2498
1847,0.0,1,0.0,0.0,11187
1848,0.0,1,0.0,0.0,3690
1849,0.0,1,0.0,0.0,775
1850,0.0,1,0.0,0.0,2793
1851,0.0,1,0.0,0.0,1583
1852,0.0,1,0.0,0.0,1680
1853,0.0,1,0.0,0.0,1643
1854,0.0,1,0.0,0.0,311
1855,0.0,1,0.0,0.0,57987
1856,0.0,1,0.0,0.0,7715
1857,0.0,1,0.0,0.0,23877
1858,0.0,1,0.0,0.0,10105
1859,0.0,1,0.0,0.0,21674
1860,0.0,1,0.0,0.0,4838
1861,0.0,1,0.0,0.0,9665
1862,0.0,1,0.0,0.0,8962
