retention_ratio_requested,retention_ratio_actual_mean,retention_ratio_actual_std,precision_mean,precision_std,completeness_mean,completeness_std,commission_mean,commission_std,f1_mean,f1_std
0.5,0.5,0.0,0.813267869389438,0.014972519941095065,0.32365564424173315,0.011489596204542372,0.186732130610562,0.014972519941095067,0.46294888094415343,0.013142739071949135
0.51,0.5102040816326532,1.111334915764742e-16,0.8133325072650075,0.014543304843427033,0.3303010262257696,0.011386714851105277,0.18666749273499253,0.014543304843427033,0.4697237859671732,0.012907058900602602
0.52,0.520408163265306,1.111334915764742e-16,0.8135112529322451,0.014374498405219328,0.3369669327251995,0.011302302001413706,0.18648874706775484,0.014374498405219328,0.47646077630546685,0.012714081084821256
0.53,0.5300751879699249,1.111334915764742e-16,0.8133812981493456,0.014049675274106633,0.3432223489167617,0.011248248972113266,0.1866187018506545,0.014049675274106633,0.4826608710992351,0.012528623020827342
0.54,0.5402792696025778,1.111334915764742e-16,0.8135522209924,0.013745488570504382,0.34992930444697834,0.011285567661243345,0.18644777900759993,0.013745488570504383,0.48928821278041085,0.012441441468004768
0.55,0.550483351235231,0.0,0.8133798836456593,0.013522764197240897,0.35643101482326106,0.011304393896042141,0.18662011635434084,0.013522764197240897,0.4955798850638675,0.012354808282125025
0.56,0.5601503759398498,2.222669831529484e-16,0.8132207242777363,0.013042608143876014,0.3627160775370582,0.01115623733182901,0.18677927572226363,0.013042608143876014,0.5015966748183543,0.012061843878782735
0.57,0.5703544575725027,0.0,0.8131429992658319,0.012827808316837832,0.36945267958950967,0.01114351927977312,0.1868570007341681,0.012827808316837832,0.5079902767660627,0.011961582734481498
0.58,0.5800214822771214,0.0,0.8127647585568435,0.012849457083412279,0.3757012542759407,0.011146792250799209,0.18723524144315656,0.012849457083412279,0.5137940337030493,0.011916621469203458
0.59,0.5902255639097743,1.111334915764742e-16,0.8125810289042154,0.012424435755003387,0.38228050171037625,0.011017627865245414,0.18741897109578456,0.012424435755003387,0.5198782120395176,0.011645438782160141
0.6,0.6004296455424275,0.0,0.8124893400562806,0.01209928564313695,0.38880729760547317,0.010954739838671707,0.1875106599437194,0.01209928564313695,0.5258658221561571,0.011484022219413964
0.61,0.6100966702470461,1.111334915764742e-16,0.8124467418067778,0.011579585487914417,0.394957810718358,0.010892686450920157,0.18755325819322213,0.011579585487914417,0.5314574249539997,0.011307380900058952
0.62,0.6203007518796995,2.222669831529484e-16,0.8124143316170995,0.011409418912246077,0.40168757126567844,0.0108492134345358,0.18758566838290044,0.011409418912246077,0.5375113538443038,0.011152374297678524
0.63,0.6305048335123524,1.111334915764742e-16,0.8124206815288025,0.011181114507304166,0.4082280501710376,0.010661595323531517,0.1875793184711975,0.011181114507304166,0.5433417053885229,0.010890800790659213
0.64,0.640171858216971,0.0,0.8125572444136988,0.010811071370748588,0.41448574686431017,0.010459667000057099,0.18744275558630125,0.010811071370748587,0.5488916313154956,0.010595486143859611
0.65,0.6503759398496242,1.111334915764742e-16,0.8125635271646208,0.010681119692365288,0.42119270239452683,0.010345641684134512,0.18743647283537923,0.010681119692365288,0.5547457217693975,0.010421032973748114
0.66,0.6600429645542426,1.111334915764742e-16,0.812506516982259,0.010528661340346848,0.4273979475484607,0.010331869642687664,0.18749348301774102,0.010528661340346848,0.5600893438435973,0.010322887657776864
0.67,0.6702470461868958,0.0,0.8125391393702743,0.010321487244112115,0.43394526795895105,0.010267277279734907,0.18746086062972575,0.010321487244112115,0.5656924571293015,0.010181258328148092
0.68,0.6804511278195486,2.222669831529484e-16,0.8126415383268564,0.010063947862569573,0.44056556442417333,0.01026813524953722,0.18735846167314377,0.010063947862569573,0.5713133491679053,0.010031048133138924
0.69,0.6901181525241675,0.0,0.812689788009488,0.009797983013541539,0.44684606613454964,0.010206026963236954,0.18731021199051207,0.009797983013541539,0.576582681593078,0.009893665293315496
0.7,0.7003222341568207,1.111334915764742e-16,0.8127259941396101,0.009714572979883129,0.45349828962371724,0.010136087247123808,0.18727400586038986,0.009714572979883129,0.5821041467430286,0.009794497099197177
0.71,0.7105263157894737,0.0,0.8127570120937742,0.00938671192121163,0.460175598631699,0.010134676418521487,0.1872429879062259,0.00938671192121163,0.5875864873144344,0.009695338134830317
0.72,0.7201933404940923,0.0,0.8127039061275807,0.009151198455415321,0.4663511972633979,0.009972004887660332,0.18729609387241936,0.009151198455415321,0.5925859466919894,0.009488689320581058
0.73,0.7303974221267454,0.0,0.8127325317606264,0.008951347596260081,0.47290763968072974,0.009927125840681726,0.18726746823937362,0.008951347596260081,0.5978622895970828,0.00938354158681636
0.74,0.7400644468313639,2.222669831529484e-16,0.8126909180599279,0.008565464665073956,0.4791562143671607,0.00975791400716064,0.1873090819400722,0.008565464665073956,0.6028232043431417,0.009140146765573249
0.75,0.7502685284640174,2.222669831529484e-16,0.8125961965252864,0.008363332329038912,0.4857993158494869,0.009775806879647658,0.18740380347471358,0.008363332329038912,0.608029053921159,0.009088850396776536
0.76,0.7604726100966702,0.0,0.8125327826550266,0.008223276643386136,0.492442417331813,0.009613185179194097,0.18746721734497346,0.008223276643386136,0.613190440555778,0.008885584536469461
0.77,0.770139634801289,1.111334915764742e-16,0.8124974467677611,0.007954164810039292,0.498782212086659,0.009378428001831147,0.18750255323223872,0.007954164810039292,0.6180748139407615,0.008621628806335744
0.78,0.7803437164339418,1.111334915764742e-16,0.8125941433554978,0.007699727279747864,0.5054595210946409,0.009267171791254497,0.1874058566445022,0.007699727279747865,0.6232060456443578,0.008446497035938486
0.79,0.7900107411385606,1.111334915764742e-16,0.8125916973775863,0.007574222041485562,0.5117901938426455,0.0092108632541885,0.18740830262241376,0.007574222041485562,0.6279957860157037,0.008339352876991604
0.8,0.8002148227712136,1.111334915764742e-16,0.8125892429348417,0.007400327406413739,0.5182599771949828,0.009114420390231436,0.18741075706515847,0.007400327406413739,0.6328439785541452,0.008199003206364196
0.81,0.8104189044038669,1.111334915764742e-16,0.812569824966133,0.007089270518313809,0.5249600912200683,0.008989502892743882,0.18743017503386716,0.007089270518313809,0.6378101484769834,0.007998550085724154
0.82,0.8200859291084855,0.0,0.8126049261876847,0.006893219466100703,0.5312497149372861,0.008613483230927182,0.1873950738123154,0.006893219466100703,0.6424444627590401,0.007621880831172896
0.83,0.8302900107411387,2.222669831529484e-16,0.8125729207539105,0.006597986334466253,0.5378859749144813,0.008682610811856839,0.18742707924608953,0.006597986334466253,0.6472641930655866,0.007598900146667435
0.84,0.8404940923737917,1.111334915764742e-16,0.8126458366643687,0.006408731880938661,0.5446750285062714,0.008349941842161196,0.18735416333563132,0.006408731880938661,0.652181320940933,0.007272659899801631
0.85,0.8501611170784104,0.0,0.8126210770529292,0.0061540220060765476,0.5508711516533638,0.008268680351283796,0.1873789229470708,0.0061540220060765476,0.6565950949768762,0.007082730494269681
0.86,0.8603651987110634,0.0,0.8126230514501522,0.005843259236915573,0.5573956670467503,0.007942413241818738,0.18737694854984774,0.005843259236915573,0.6612110430090413,0.006751555060124813
0.87,0.8700322234156824,3.3340047472942265e-16,0.8125736107503079,0.005602663859922576,0.563605473204105,0.007692553724931765,0.18742638924969207,0.005602663859922576,0.6655454264151592,0.0064611016807872325
0.88,0.8802363050483353,1.111334915764742e-16,0.8126337372816801,0.005299559797371464,0.5702827822120866,0.007378286312371924,0.18736626271831985,0.005299559797371464,0.6702020043447935,0.00617739278128407
0.89,0.8904403866809881,1.111334915764742e-16,0.8126338999537945,0.005022694996125365,0.5769988597491447,0.007035574965278385,0.18736610004620546,0.005022694996125365,0.6748199175761593,0.005853835464843677
0.9,0.9001074113856067,2.222669831529484e-16,0.8127013382724144,0.004794446700142696,0.5833067274800456,0.0070280886320624285,0.18729866172758558,0.004794446700142696,0.6791387235396253,0.005779837381802655
0.91,0.9103114930182599,1.111334915764742e-16,0.8126659880738585,0.0045510870979843365,0.5898563283922462,0.006589661595070245,0.18733401192614155,0.0045510870979843365,0.6835473409258902,0.00540699588164464
0.92,0.9205155746509133,2.222669831529484e-16,0.8126332910489636,0.004326626133731471,0.5962371721778791,0.006225981348758651,0.18736670895103624,0.004326626133731471,0.6878027928225661,0.005098971213320023
0.93,0.930182599355532,3.3340047472942265e-16,0.8127410546745283,0.004025701457657082,0.6025062713797036,0.005868090860954042,0.1872589453254717,0.004025701457657082,0.6919961401839875,0.0047465113829959224
0.94,0.9403866809881849,1.111334915764742e-16,0.8126691052867471,0.0038222007212321074,0.6090467502850627,0.0053394795268813435,0.18733089471325287,0.0038222007212321074,0.6962663324034536,0.004358067561099768
0.95,0.9500537056928038,3.3340047472942265e-16,0.8126805794729605,0.0034587500940659907,0.615473204104903,0.0048070256915764675,0.1873194205270395,0.0034587500940659907,0.7004531117117535,0.003901683108625044
0.96,0.9602577873254566,1.111334915764742e-16,0.8126878568088775,0.0030212405246461314,0.6220843785632839,0.004501977395331749,0.18731214319112258,0.0030212405246461314,0.7047185474570381,0.0035603917863619113
0.97,0.9704618689581095,1.111334915764742e-16,0.8126045978895511,0.0025555093163137227,0.6286476624857469,0.0037591567599127595,0.18739540211044886,0.0025555093163137227,0.7088814088902385,0.0029728597441955836
0.98,0.9801288936627283,0.0,0.8126156916917409,0.0019843754024644624,0.6349464082098061,0.003095026327489115,0.1873843083082592,0.0019843754024644624,0.7128745451139861,0.0024110157108516803
0.99,0.9903329752953812,1.111334915764742e-16,0.812565546939166,0.0013926521225571275,0.6414595210946409,0.0021506700065439077,0.18743445306083378,0.0013926521225571275,0.7169432436854085,0.0016517162924287497
1.0,1.0,0.0,0.8125894134477823,2.222669831529484e-16,0.6476624857468642,1.111334915764742e-16,0.1874105865522174,2.778337289411855e-17,0.7208121827411168,0.0
